-- phpMyAdmin SQL Dump
-- version 4.9.1
-- https://www.phpmyadmin.net/
--
-- Host: 127.0.0.1
-- Generation Time: Dec 16, 2019 at 05:09 PM
-- Server version: 10.4.8-MariaDB
-- PHP Version: 7.3.11

SET SQL_MODE = "NO_AUTO_VALUE_ON_ZERO";
SET AUTOCOMMIT = 0;
START TRANSACTION;
SET time_zone = "+00:00";


/*!40101 SET @OLD_CHARACTER_SET_CLIENT=@@CHARACTER_SET_CLIENT */;
/*!40101 SET @OLD_CHARACTER_SET_RESULTS=@@CHARACTER_SET_RESULTS */;
/*!40101 SET @OLD_COLLATION_CONNECTION=@@COLLATION_CONNECTION */;
/*!40101 SET NAMES utf8mb4 */;

--
-- Database: `lawyer.db`
--

-- --------------------------------------------------------

--
-- Table structure for table `casesub_subcategory`
--

CREATE TABLE `casesub_subcategory` (
  `id` tinyint(3) NOT NULL,
  `case_subcategory_id` tinyint(3) NOT NULL,
  `subsubcat_name` varchar(50) NOT NULL
) ENGINE=InnoDB DEFAULT CHARSET=utf8mb4;

--
-- Dumping data for table `casesub_subcategory`
--

INSERT INTO `casesub_subcategory` (`id`, `case_subcategory_id`, `subsubcat_name`) VALUES
(1, 1, 'Revision'),
(2, 1, 'Appeal'),
(3, 1, 'Miscellaneous'),
(4, 2, 'Revision'),
(5, 2, 'Appeal'),
(6, 2, 'Miscellaneous'),
(7, 2, 'Leave to Appeal'),
(8, 3, 'Freedom Fighter'),
(9, 3, 'Environment'),
(10, 3, 'Services');

-- --------------------------------------------------------

--
-- Table structure for table `case_subcategory`
--

CREATE TABLE `case_subcategory` (
  `id` tinyint(3) NOT NULL,
  `subcat_name` varchar(50) NOT NULL
) ENGINE=InnoDB DEFAULT CHARSET=utf8mb4;

--
-- Dumping data for table `case_subcategory`
--

INSERT INTO `case_subcategory` (`id`, `subcat_name`) VALUES
(1, 'Civil'),
(2, 'Criminal'),
(3, 'Writ');

-- --------------------------------------------------------

--
-- Table structure for table `court_type`
--

CREATE TABLE `court_type` (
  `id` tinyint(3) NOT NULL,
  `court_name` varchar(50) NOT NULL
) ENGINE=InnoDB DEFAULT CHARSET=utf8mb4;

--
-- Dumping data for table `court_type`
--

INSERT INTO `court_type` (`id`, `court_name`) VALUES
(1, 'High Court'),
(2, 'Appeal Division'),
(3, 'District Court');

-- --------------------------------------------------------

--
-- Table structure for table `gender`
--

CREATE TABLE `gender` (
  `id` tinyint(3) NOT NULL,
  `title` varchar(10) NOT NULL
) ENGINE=InnoDB DEFAULT CHARSET=latin1;

--
-- Dumping data for table `gender`
--

INSERT INTO `gender` (`id`, `title`) VALUES
(1, 'Male'),
(2, 'Female');

-- --------------------------------------------------------

--
-- Table structure for table `groups`
--

CREATE TABLE `groups` (
  `id` mediumint(8) NOT NULL,
  `name` varchar(200) NOT NULL,
  `description` varchar(100) NOT NULL,
  `acl` varchar(20) DEFAULT NULL
) ENGINE=InnoDB DEFAULT CHARSET=utf8;

--
-- Dumping data for table `groups`
--

INSERT INTO `groups` (`id`, `name`, `description`, `acl`) VALUES
(2, 'members', 'Chief Operating Officer (COO)', '3,4'),
(5, 'admin', 'Administrator', '1,2,3,4'),
(6, 'Faruqe Ahammad', 'C.E.O Quiz Hub', NULL),
(7, 'CMO', 'Chief Marketing Officer (CMO)', NULL),
(8, 'QZH', 'RBT', NULL);

-- --------------------------------------------------------

--
-- Table structure for table `login_attempts`
--

CREATE TABLE `login_attempts` (
  `id` int(11) NOT NULL,
  `ip_address` varchar(45) NOT NULL,
  `login` varchar(100) NOT NULL,
  `time` int(11) UNSIGNED DEFAULT NULL
) ENGINE=InnoDB DEFAULT CHARSET=utf8;

-- --------------------------------------------------------

--
-- Table structure for table `lwy_files`
--

CREATE TABLE `lwy_files` (
  `id` int(11) NOT NULL,
  `lwy_file_info_id` int(11) NOT NULL,
  `image` varchar(200) NOT NULL,
  `created_at` varchar(20) NOT NULL,
  `updated_at` varchar(20) NOT NULL
) ENGINE=InnoDB DEFAULT CHARSET=utf8;

--
-- Dumping data for table `lwy_files`
--

INSERT INTO `lwy_files` (`id`, `lwy_file_info_id`, `image`, `created_at`, `updated_at`) VALUES
(1, 1, 'catalog/demo/compaq_presario.jpg', '', ''),
(2, 1, 'catalog/demo/compaq_presario.jpg', '', ''),
(3, 0, 'catalog/demo/compaq_presario.jpg', '', ''),
(4, 0, 'catalog/demo/compaq_presario.jpg', '', ''),
(5, 0, 'C:\\fakepath\\Chrysanthemum.jpg', '', ''),
(6, 0, 'C:\\fakepath\\Koala.jpg', '', '');

-- --------------------------------------------------------

--
-- Table structure for table `lwy_file_info`
--

CREATE TABLE `lwy_file_info` (
  `id` int(11) NOT NULL,
  `casetype_id` tinyint(3) NOT NULL,
  `casesub_subcategory_id` tinyint(3) NOT NULL,
  `courttype_id` tinyint(3) NOT NULL,
  `file_name` varchar(250) NOT NULL,
  `party_name` varchar(150) NOT NULL,
  `party_district` varchar(50) NOT NULL,
  `case_date` varchar(30) NOT NULL,
  `case_no` varchar(20) NOT NULL,
  `image` varchar(100) NOT NULL,
  `status_id` tinyint(2) NOT NULL DEFAULT 1,
  `created_at` varchar(20) NOT NULL,
  `updated_at` varchar(20) NOT NULL
) ENGINE=InnoDB DEFAULT CHARSET=utf8;

--
-- Dumping data for table `lwy_file_info`
--

INSERT INTO `lwy_file_info` (`id`, `casetype_id`, `casesub_subcategory_id`, `courttype_id`, `file_name`, `party_name`, `party_district`, `case_date`, `case_no`, `image`, `status_id`, `created_at`, `updated_at`) VALUES
(1, 2, 4, 1, 'New file name', 'New Party', 'Kushtia', '2019-12-31', '1250', '201912140934401.docx', 1, '2019-12-14 05:58:16a', '2019-12-14 09:59:39a'),
(3, 3, 9, 2, 'asdasdasd', 'Jata', 'Kushtia', '2019-12-12', '1213', '2019121410002278.docx', 1, '2019-12-14 10:00:22a', '2019-12-14 10:00:49a'),
(4, 3, 9, 3, 'asdasdasd', 'Jata', 'Kushtia', '2019-12-12', '1213', '2019121410002278.docx', 1, '2019-12-14 10:00:22a', '2019-12-14 10:00:49a'),
(5, 2, 4, 2, 'New file name', 'New Party', 'Kushtia', '2019-12-31', '1250', '201912140934401.docx', 1, '2019-12-14 05:58:16a', '2019-12-14 09:59:39a');

-- --------------------------------------------------------

--
-- Table structure for table `menu_list`
--

CREATE TABLE `menu_list` (
  `id` int(11) NOT NULL,
  `group_id` varchar(255) DEFAULT '1' COMMENT 'comaseparate value',
  `menu_order` int(11) DEFAULT NULL,
  `parent_id` int(11) DEFAULT NULL,
  `title` varchar(200) CHARACTER SET utf8 DEFAULT NULL,
  `link` varchar(100) CHARACTER SET utf8 DEFAULT NULL,
  `icon` varchar(30) DEFAULT NULL,
  `status` enum('Active','Inactive') DEFAULT 'Active',
  `create_at` timestamp NOT NULL DEFAULT current_timestamp(),
  `update_at` timestamp NULL DEFAULT NULL
) ENGINE=InnoDB DEFAULT CHARSET=latin1;

--
-- Dumping data for table `menu_list`
--

INSERT INTO `menu_list` (`id`, `group_id`, `menu_order`, `parent_id`, `title`, `link`, `icon`, `status`, `create_at`, `update_at`) VALUES
(1, '5,6', 1, 0, 'Authentication', '#', 'fa fa-key', 'Active', '2017-09-12 23:00:00', NULL),
(2, '5,6', 2, 0, 'File Upload', '#', 'fa fa-file-o', 'Active', '2017-12-21 15:24:34', '0000-00-00 00:00:00'),
(3, '5,6', 2, 1, 'Admin Group', 'Auth/group', 'icon-user', 'Active', '2017-09-15 10:51:31', NULL),
(4, '5,6', 1, 1, 'Admin', 'Auth/user', 'icon-user', 'Active', '2017-09-15 16:49:52', NULL),
(5, '5', 1, 2, 'File List', 'FileUpload/file_list', 'fa fa-file-o', 'Active', '2017-09-15 16:49:52', NULL),
(6, '5', 1, 2, 'Search File', 'AjaxSearch/search_file', 'fa fa-file-o', 'Active', '2019-12-14 16:49:52', NULL);

-- --------------------------------------------------------

--
-- Table structure for table `qhub_status`
--

CREATE TABLE `qhub_status` (
  `id` tinyint(3) NOT NULL,
  `title` varchar(10) NOT NULL
) ENGINE=InnoDB DEFAULT CHARSET=latin1;

--
-- Dumping data for table `qhub_status`
--

INSERT INTO `qhub_status` (`id`, `title`) VALUES
(1, 'Enable'),
(2, 'Disable');

-- --------------------------------------------------------

--
-- Table structure for table `users`
--

CREATE TABLE `users` (
  `id` bigint(20) NOT NULL,
  `group_id` int(11) NOT NULL DEFAULT 2,
  `ip_address` varchar(45) NOT NULL,
  `username` varchar(100) DEFAULT NULL,
  `password` varchar(255) NOT NULL,
  `salt` varchar(255) DEFAULT NULL,
  `email` varchar(254) NOT NULL,
  `activation_code` varchar(40) DEFAULT NULL,
  `forgotten_password_code` varchar(40) DEFAULT NULL,
  `forgotten_password_time` int(11) UNSIGNED DEFAULT NULL,
  `remember_code` varchar(40) DEFAULT NULL,
  `created_on` int(11) UNSIGNED NOT NULL,
  `last_login` int(11) UNSIGNED DEFAULT NULL,
  `active` tinyint(1) UNSIGNED DEFAULT NULL,
  `first_name` varchar(50) DEFAULT NULL,
  `last_name` varchar(50) DEFAULT NULL,
  `phone` varchar(20) DEFAULT NULL,
  `create_by` int(11) NOT NULL,
  `image` varchar(100) DEFAULT NULL
) ENGINE=InnoDB DEFAULT CHARSET=utf8;

--
-- Dumping data for table `users`
--

INSERT INTO `users` (`id`, `group_id`, `ip_address`, `username`, `password`, `salt`, `email`, `activation_code`, `forgotten_password_code`, `forgotten_password_time`, `remember_code`, `created_on`, `last_login`, `active`, `first_name`, `last_name`, `phone`, `create_by`, `image`) VALUES
(78, 5, '103.15.141.22', 'faruq@quizhub.com', '$2y$08$ubAkdvlyuVOySSc6EsYia.HRI5gDxEDFyJwHtP/PjfQ3lBAmhQftu', NULL, 'faruq@quizhub.com', NULL, NULL, NULL, NULL, 1565368160, 1576460292, 1, 'Faruqe', 'Ahammad', '+0195221826', 74, '2019100609115478.jpeg'),
(81, 5, '118.100.129.26', 'faruqe2@quizhub.com', '$2y$08$Csg8qeNznSK8plcQsngNl.XuTasYXIuDdOGiZ5jfomxiAMrTrr7WC', NULL, 'faruqe2@quizhub.com', NULL, NULL, NULL, NULL, 1567630557, 1570286859, 1, 'Faruqe', 'Ahammad 2', '01952218262', 78, NULL),
(94, 5, '103.210.18.52', 'admin@quizhub.com', '$2y$08$IIIVaXUNnVhLJYX95jmYGuCL9s4pt3LIseCqIa6N9DoXQy/OS07L2', NULL, 'admin@quizhub.com', NULL, NULL, NULL, NULL, 1570736895, 1575396918, 1, 'Admin', 'Admin', '', 78, NULL),
(95, 5, '60.53.65.63', 'faruq2@quizhub.com', '$2y$08$NO/1IlCQs/G6mnV3.9OVwebMvunEzKEeGDMtenKjCw.2q1UIEjS8G', NULL, 'faruq2@quizhub.com', NULL, NULL, NULL, NULL, 1570809689, 1575764894, 1, 'Faruqe', 'Ahammad2', '01234564789', 78, NULL),
(99, 6, '115.135.135.47', 'ceo@gmail.com', '$2y$08$vCon0.7Ysv0qgqRKNt72ve87rLzyhruUEuQQgb9dvJxobDRp92Guq', NULL, 'ceo@gmail.com', NULL, NULL, NULL, NULL, 1574576505, NULL, 1, 'C.E.O', 'Faruqe Ahammad', '01234567899', 78, NULL),
(100, 5, '175.141.205.194', 'jf399499@gmail.com', '$2y$08$ATfgH.7qAF6cg7xt.goUyuk8CHFkPGK2Kkq.HSo4lQpQWyEnyaEKC', NULL, 'jf399499@gmail.com', NULL, NULL, NULL, NULL, 1575363287, 1575480005, 1, 'Jannatul', 'Ferdous Ekra', '01937786679', 95, NULL);

-- --------------------------------------------------------

--
-- Table structure for table `users_groups`
--

CREATE TABLE `users_groups` (
  `id` int(11) NOT NULL,
  `user_id` int(11) UNSIGNED NOT NULL,
  `group_id` mediumint(8) UNSIGNED NOT NULL
) ENGINE=InnoDB DEFAULT CHARSET=utf8;

--
-- Dumping data for table `users_groups`
--

INSERT INTO `users_groups` (`id`, `user_id`, `group_id`) VALUES
(3078, 78, 5),
(3081, 81, 5),
(3094, 94, 5),
(3095, 95, 5),
(3099, 99, 6),
(3100, 100, 5);

-- --------------------------------------------------------

--
-- Table structure for table `user_access_menus`
--

CREATE TABLE `user_access_menus` (
  `id` int(11) NOT NULL,
  `group_id` int(11) DEFAULT NULL,
  `menu_id` int(11) DEFAULT NULL,
  `can_add` tinyint(1) DEFAULT 0,
  `can_edit` tinyint(1) NOT NULL DEFAULT 0,
  `can_delete` tinyint(1) NOT NULL DEFAULT 0,
  `can_view` tinyint(1) NOT NULL DEFAULT 0,
  `create_at` datetime DEFAULT NULL,
  `update_at` datetime NOT NULL,
  `created_by` int(11) NOT NULL
) ENGINE=InnoDB DEFAULT CHARSET=latin1;

--
-- Dumping data for table `user_access_menus`
--

INSERT INTO `user_access_menus` (`id`, `group_id`, `menu_id`, `can_add`, `can_edit`, `can_delete`, `can_view`, `create_at`, `update_at`, `created_by`) VALUES
(1988, 3, 1, 1, 1, 1, 1, '2017-11-14 06:57:50', '0000-00-00 00:00:00', 0),
(1989, 3, 2, 1, 1, 0, 1, '2017-11-14 06:57:50', '0000-00-00 00:00:00', 0),
(1990, 3, 4, 0, 0, 0, 0, '2017-11-14 06:57:50', '0000-00-00 00:00:00', 0),
(1991, 3, 5, 0, 0, 0, 0, '2017-11-14 06:57:50', '0000-00-00 00:00:00', 0),
(1992, 3, 6, 0, 0, 0, 0, '2017-11-14 06:57:50', '0000-00-00 00:00:00', 0),
(1993, 3, 7, 0, 0, 0, 0, '2017-11-14 06:57:50', '0000-00-00 00:00:00', 0),
(1994, 3, 8, 0, 0, 0, 0, '2017-11-14 06:57:50', '0000-00-00 00:00:00', 0),
(1995, 3, 11, 0, 0, 0, 0, '2017-11-14 06:57:50', '0000-00-00 00:00:00', 0),
(1996, 3, 12, 0, 0, 0, 0, '2017-11-14 06:57:50', '0000-00-00 00:00:00', 0),
(1997, 3, 14, 0, 0, 0, 0, '2017-11-14 06:57:50', '0000-00-00 00:00:00', 0),
(1998, 3, 16, 0, 0, 0, 0, '2017-11-14 06:57:50', '0000-00-00 00:00:00', 0),
(1999, 3, 17, 0, 0, 0, 0, '2017-11-14 06:57:50', '0000-00-00 00:00:00', 0),
(2000, 3, 18, 0, 0, 0, 0, '2017-11-14 06:57:50', '0000-00-00 00:00:00', 0),
(2001, 3, 19, 0, 0, 0, 0, '2017-11-14 06:57:50', '0000-00-00 00:00:00', 0),
(2002, 3, 20, 0, 0, 0, 0, '2017-11-14 06:57:50', '0000-00-00 00:00:00', 0),
(2003, 3, 21, 0, 0, 0, 0, '2017-11-14 06:57:50', '0000-00-00 00:00:00', 0),
(2004, 3, 24, 0, 0, 0, 0, '2017-11-14 06:57:50', '0000-00-00 00:00:00', 0),
(2005, 3, 26, 0, 0, 0, 0, '2017-11-14 06:57:50', '0000-00-00 00:00:00', 0),
(2006, 3, 27, 0, 0, 0, 0, '2017-11-14 06:57:50', '0000-00-00 00:00:00', 0),
(2007, 3, 28, 0, 0, 0, 0, '2017-11-14 06:57:50', '0000-00-00 00:00:00', 0),
(2008, 3, 29, 0, 0, 0, 0, '2017-11-14 06:57:50', '0000-00-00 00:00:00', 0),
(2009, 3, 30, 0, 0, 0, 0, '2017-11-14 06:57:50', '0000-00-00 00:00:00', 0),
(2010, 3, 31, 0, 0, 0, 0, '2017-11-14 06:57:50', '0000-00-00 00:00:00', 0),
(2011, 3, 32, 0, 0, 0, 0, '2017-11-14 06:57:50', '0000-00-00 00:00:00', 0),
(2012, 3, 33, 0, 0, 0, 0, '2017-11-14 06:57:50', '0000-00-00 00:00:00', 0),
(2013, 3, 34, 0, 0, 0, 0, '2017-11-14 06:57:50', '0000-00-00 00:00:00', 0),
(2014, 3, 35, 0, 0, 0, 0, '2017-11-14 06:57:50', '0000-00-00 00:00:00', 0),
(2015, 3, 36, 0, 0, 0, 0, '2017-11-14 06:57:50', '0000-00-00 00:00:00', 0),
(2016, 3, 37, 0, 0, 0, 0, '2017-11-14 06:57:50', '0000-00-00 00:00:00', 0),
(2017, 3, 38, 0, 0, 0, 0, '2017-11-14 06:57:50', '0000-00-00 00:00:00', 0),
(2018, 3, 39, 0, 0, 0, 0, '2017-11-14 06:57:50', '0000-00-00 00:00:00', 0),
(2019, 3, 40, 0, 0, 0, 0, '2017-11-14 06:57:50', '0000-00-00 00:00:00', 0),
(2020, 3, 42, 0, 0, 0, 0, '2017-11-14 06:57:50', '0000-00-00 00:00:00', 0),
(2021, 3, 43, 0, 0, 0, 0, '2017-11-14 06:57:50', '0000-00-00 00:00:00', 0),
(2022, 3, 44, 0, 0, 0, 0, '2017-11-14 06:57:50', '0000-00-00 00:00:00', 0),
(2023, 3, 45, 0, 0, 0, 0, '2017-11-14 06:57:50', '0000-00-00 00:00:00', 0),
(2024, 3, 46, 0, 0, 0, 0, '2017-11-14 06:57:50', '0000-00-00 00:00:00', 0),
(2125, 4, 1, 0, 0, 0, 0, '2017-12-20 16:35:24', '0000-00-00 00:00:00', 0),
(2126, 4, 2, 0, 0, 0, 0, '2017-12-20 16:35:24', '0000-00-00 00:00:00', 0),
(2127, 4, 4, 0, 0, 0, 0, '2017-12-20 16:35:24', '0000-00-00 00:00:00', 0),
(2128, 4, 5, 0, 0, 0, 0, '2017-12-20 16:35:24', '0000-00-00 00:00:00', 0),
(2129, 4, 7, 0, 0, 0, 0, '2017-12-20 16:35:24', '0000-00-00 00:00:00', 0),
(2130, 4, 8, 0, 0, 0, 0, '2017-12-20 16:35:24', '0000-00-00 00:00:00', 0),
(2131, 4, 9, 0, 0, 0, 0, '2017-12-20 16:35:24', '0000-00-00 00:00:00', 0),
(2132, 4, 10, 0, 0, 0, 0, '2017-12-20 16:35:24', '0000-00-00 00:00:00', 0),
(2133, 4, 11, 0, 0, 0, 0, '2017-12-20 16:35:24', '0000-00-00 00:00:00', 0),
(2134, 4, 12, 0, 0, 0, 0, '2017-12-20 16:35:24', '0000-00-00 00:00:00', 0),
(2135, 4, 13, 0, 0, 0, 0, '2017-12-20 16:35:24', '0000-00-00 00:00:00', 0),
(2136, 4, 14, 0, 0, 0, 0, '2017-12-20 16:35:24', '0000-00-00 00:00:00', 0),
(2137, 4, 15, 0, 0, 0, 0, '2017-12-20 16:35:24', '0000-00-00 00:00:00', 0),
(4892, 1, 1, 1, 1, 1, 1, '2018-04-18 12:36:46', '0000-00-00 00:00:00', 0),
(4893, 1, 2, 2, 2, 2, 2, '2018-04-18 12:36:46', '0000-00-00 00:00:00', 0),
(4894, 1, 4, 4, 4, 4, 4, '2018-04-18 12:36:46', '0000-00-00 00:00:00', 0),
(4895, 1, 5, 5, 5, 5, 5, '2018-04-18 12:36:46', '0000-00-00 00:00:00', 0),
(4896, 1, 7, 7, 7, 7, 7, '2018-04-18 12:36:46', '0000-00-00 00:00:00', 0),
(4897, 1, 8, 8, 8, 8, 8, '2018-04-18 12:36:46', '0000-00-00 00:00:00', 0),
(4898, 1, 9, 9, 9, 9, 9, '2018-04-18 12:36:46', '0000-00-00 00:00:00', 0),
(4899, 1, 10, 10, 10, 10, 10, '2018-04-18 12:36:46', '0000-00-00 00:00:00', 0),
(4900, 1, 11, 11, 11, 11, 11, '2018-04-18 12:36:46', '0000-00-00 00:00:00', 0),
(4901, 1, 12, 12, 12, 12, 12, '2018-04-18 12:36:46', '0000-00-00 00:00:00', 0),
(4902, 1, 13, 13, 13, 13, 13, '2018-04-18 12:36:46', '0000-00-00 00:00:00', 0),
(4903, 1, 14, 14, 14, 14, 14, '2018-04-18 12:36:46', '0000-00-00 00:00:00', 0),
(4904, 1, 15, 15, 15, 15, 15, '2018-04-18 12:36:46', '0000-00-00 00:00:00', 0),
(4905, 1, 16, 16, 16, 16, 16, '2018-04-18 12:36:46', '0000-00-00 00:00:00', 0),
(4906, 1, 17, 17, 17, 17, 17, '2018-04-18 12:36:46', '0000-00-00 00:00:00', 0),
(4907, 1, 44, 44, 44, 44, 44, '2018-04-18 12:36:46', '0000-00-00 00:00:00', 0),
(4908, 1, 45, 45, 45, 45, 45, '2018-04-18 12:36:46', '0000-00-00 00:00:00', 0),
(4909, 1, 46, 46, 46, 46, 46, '2018-04-18 12:36:46', '0000-00-00 00:00:00', 0),
(4910, 1, 47, 47, 47, 47, 47, '2018-04-18 12:36:46', '0000-00-00 00:00:00', 0),
(4911, 1, 48, 48, 48, 48, 48, '2018-04-18 12:36:46', '0000-00-00 00:00:00', 0),
(4912, 1, 49, 49, 49, 49, 49, '2018-04-18 12:36:46', '0000-00-00 00:00:00', 0),
(4913, 1, 50, 50, 50, 50, 50, '2018-04-18 12:36:46', '0000-00-00 00:00:00', 0),
(4914, 1, 51, 51, 51, 51, 51, '2018-04-18 12:36:46', '0000-00-00 00:00:00', 0),
(4915, 1, 52, 52, 52, 52, 52, '2018-04-18 12:36:46', '0000-00-00 00:00:00', 0),
(4916, 1, 53, 53, 53, 53, 53, '2018-04-18 12:36:46', '0000-00-00 00:00:00', 0),
(4917, 1, 54, 54, 54, 54, 54, '2018-04-18 12:36:46', '0000-00-00 00:00:00', 0),
(4918, 1, 55, 0, 0, 0, 0, '2018-04-18 12:36:46', '0000-00-00 00:00:00', 0),
(4919, 1, 56, 56, 56, 56, 56, '2018-04-18 12:36:46', '0000-00-00 00:00:00', 0),
(4920, 1, 57, 57, 57, 57, 57, '2018-04-18 12:36:46', '0000-00-00 00:00:00', 0),
(4921, 1, 58, 58, 58, 58, 58, '2018-04-18 12:36:46', '0000-00-00 00:00:00', 0),
(4922, 1, 60, 60, 60, 60, 60, '2018-04-18 12:36:46', '0000-00-00 00:00:00', 0),
(4923, 1, 83, 1, 1, 1, 1, '2018-04-18 12:36:46', '0000-00-00 00:00:00', 0),
(4924, 1, 94, 94, 94, 94, 94, '2018-04-18 12:36:46', '0000-00-00 00:00:00', 0),
(4925, 1, 24, 24, 24, 24, 24, '2018-04-18 12:36:46', '0000-00-00 00:00:00', 0),
(4926, 1, 27, 27, 27, 27, 27, '2018-04-18 12:36:46', '0000-00-00 00:00:00', 0),
(4927, 1, 95, 95, 95, 95, 95, '2018-04-18 12:36:46', '0000-00-00 00:00:00', 0),
(4928, 1, 28, 28, 28, 28, 28, '2018-04-18 12:36:46', '0000-00-00 00:00:00', 0),
(4929, 1, 81, 81, 81, 81, 81, '2018-04-18 12:36:46', '0000-00-00 00:00:00', 0),
(4930, 1, 31, 31, 31, 31, 31, '2018-04-18 12:36:46', '0000-00-00 00:00:00', 0),
(4931, 1, 32, 32, 32, 32, 32, '2018-04-18 12:36:46', '0000-00-00 00:00:00', 0),
(4932, 1, 33, 33, 33, 33, 33, '2018-04-18 12:36:46', '0000-00-00 00:00:00', 0),
(4933, 1, 34, 34, 34, 34, 34, '2018-04-18 12:36:46', '0000-00-00 00:00:00', 0),
(4934, 1, 35, 35, 35, 35, 35, '2018-04-18 12:36:46', '0000-00-00 00:00:00', 0),
(4935, 1, 36, 36, 36, 36, 36, '2018-04-18 12:36:46', '0000-00-00 00:00:00', 0),
(4936, 1, 93, 93, 93, 93, 93, '2018-04-18 12:36:46', '0000-00-00 00:00:00', 0),
(4937, 1, 37, 37, 37, 37, 37, '2018-04-18 12:36:46', '0000-00-00 00:00:00', 0),
(4938, 1, 38, 38, 38, 38, 38, '2018-04-18 12:36:46', '0000-00-00 00:00:00', 0),
(4939, 1, 39, 39, 39, 39, 39, '2018-04-18 12:36:46', '0000-00-00 00:00:00', 0),
(4940, 1, 40, 40, 40, 40, 40, '2018-04-18 12:36:46', '0000-00-00 00:00:00', 0),
(4941, 1, 76, 76, 76, 76, 76, '2018-04-18 12:36:46', '0000-00-00 00:00:00', 0),
(4942, 1, 77, 77, 77, 77, 77, '2018-04-18 12:36:46', '0000-00-00 00:00:00', 0),
(4943, 1, 78, 78, 78, 78, 78, '2018-04-18 12:36:46', '0000-00-00 00:00:00', 0),
(4944, 1, 79, 79, 79, 79, 79, '2018-04-18 12:36:46', '0000-00-00 00:00:00', 0),
(4945, 1, 41, 41, 41, 41, 41, '2018-04-18 12:36:46', '0000-00-00 00:00:00', 0),
(4946, 1, 43, 43, 43, 43, 43, '2018-04-18 12:36:46', '0000-00-00 00:00:00', 0),
(4947, 1, 70, 70, 70, 70, 70, '2018-04-18 12:36:46', '0000-00-00 00:00:00', 0),
(4948, 1, 71, 71, 71, 71, 71, '2018-04-18 12:36:46', '0000-00-00 00:00:00', 0),
(4949, 1, 72, 72, 72, 72, 72, '2018-04-18 12:36:46', '0000-00-00 00:00:00', 0),
(4950, 1, 73, 73, 73, 73, 73, '2018-04-18 12:36:46', '0000-00-00 00:00:00', 0),
(4951, 1, 74, 74, 74, 74, 74, '2018-04-18 12:36:46', '0000-00-00 00:00:00', 0),
(4952, 1, 75, 75, 75, 75, 75, '2018-04-18 12:36:46', '0000-00-00 00:00:00', 0),
(4953, 1, 96, 96, 96, 96, 96, '2018-04-18 12:36:46', '0000-00-00 00:00:00', 0),
(4954, 1, 61, 61, 61, 61, 61, '2018-04-18 12:36:46', '0000-00-00 00:00:00', 0),
(4955, 1, 62, 62, 62, 62, 62, '2018-04-18 12:36:46', '0000-00-00 00:00:00', 0),
(4956, 1, 87, 87, 87, 87, 87, '2018-04-18 12:36:46', '0000-00-00 00:00:00', 0),
(4957, 1, 89, 89, 89, 89, 89, '2018-04-18 12:36:46', '0000-00-00 00:00:00', 0),
(4958, 1, 90, 90, 90, 90, 90, '2018-04-18 12:36:46', '0000-00-00 00:00:00', 0),
(4959, 1, 64, 64, 64, 64, 64, '2018-04-18 12:36:46', '0000-00-00 00:00:00', 0),
(4960, 1, 65, 65, 65, 65, 65, '2018-04-18 12:36:46', '0000-00-00 00:00:00', 0),
(4961, 1, 66, 66, 66, 66, 66, '2018-04-18 12:36:46', '0000-00-00 00:00:00', 0),
(4962, 1, 67, 67, 67, 67, 67, '2018-04-18 12:36:46', '0000-00-00 00:00:00', 0),
(4963, 1, 68, 68, 68, 68, 68, '2018-04-18 12:36:46', '0000-00-00 00:00:00', 0),
(4964, 1, 69, 69, 69, 69, 69, '2018-04-18 12:36:46', '0000-00-00 00:00:00', 0),
(4965, 1, 92, 92, 92, 92, 92, '2018-04-18 12:36:46', '0000-00-00 00:00:00', 0),
(7877, 13, 1, NULL, 0, 0, 0, '2018-04-28 11:01:56', '0000-00-00 00:00:00', 0),
(7878, 13, 2, NULL, 0, 0, 0, '2018-04-28 11:01:56', '0000-00-00 00:00:00', 0),
(7879, 13, 4, 1, 1, 0, 0, '2018-04-28 11:01:56', '0000-00-00 00:00:00', 0),
(7880, 13, 5, 1, 1, 0, 0, '2018-04-28 11:01:56', '0000-00-00 00:00:00', 0),
(7881, 13, 7, NULL, 0, 0, 0, '2018-04-28 11:01:56', '0000-00-00 00:00:00', 0),
(7882, 13, 8, 0, 0, 0, 0, '2018-04-28 11:01:56', '0000-00-00 00:00:00', 0),
(7883, 13, 9, 0, 0, 0, 0, '2018-04-28 11:01:56', '0000-00-00 00:00:00', 0),
(7884, 13, 10, NULL, 0, 0, 0, '2018-04-28 11:01:56', '0000-00-00 00:00:00', 0),
(7885, 13, 11, 0, 0, 0, 0, '2018-04-28 11:01:56', '0000-00-00 00:00:00', 0),
(7886, 13, 12, 0, 0, 0, 0, '2018-04-28 11:01:56', '0000-00-00 00:00:00', 0),
(7887, 13, 13, NULL, 0, 0, 0, '2018-04-28 11:01:56', '0000-00-00 00:00:00', 0),
(7888, 13, 14, 0, 0, 0, 0, '2018-04-28 11:01:56', '0000-00-00 00:00:00', 0),
(7889, 13, 15, 0, 0, 0, 0, '2018-04-28 11:01:56', '0000-00-00 00:00:00', 0),
(7890, 13, 16, NULL, 0, 0, 0, '2018-04-28 11:01:56', '0000-00-00 00:00:00', 0),
(7891, 13, 17, 0, 0, 0, 0, '2018-04-28 11:01:56', '0000-00-00 00:00:00', 0),
(7892, 13, 44, 0, 0, 0, 0, '2018-04-28 11:01:56', '0000-00-00 00:00:00', 0),
(7893, 13, 45, 0, 0, 0, 0, '2018-04-28 11:01:56', '0000-00-00 00:00:00', 0),
(7894, 13, 46, 0, 0, 0, 0, '2018-04-28 11:01:56', '0000-00-00 00:00:00', 0),
(7895, 13, 48, 0, 0, 0, 0, '2018-04-28 11:01:56', '0000-00-00 00:00:00', 0),
(7896, 13, 49, 0, 0, 0, 0, '2018-04-28 11:01:56', '0000-00-00 00:00:00', 0),
(7897, 13, 50, 0, 0, 0, 0, '2018-04-28 11:01:56', '0000-00-00 00:00:00', 0),
(7898, 13, 51, 0, 0, 0, 0, '2018-04-28 11:01:56', '0000-00-00 00:00:00', 0),
(7899, 13, 52, 0, 0, 0, 0, '2018-04-28 11:01:56', '0000-00-00 00:00:00', 0),
(7900, 13, 53, 0, 0, 0, 0, '2018-04-28 11:01:56', '0000-00-00 00:00:00', 0),
(7901, 13, 54, 0, 0, 0, 0, '2018-04-28 11:01:56', '0000-00-00 00:00:00', 0),
(7902, 13, 55, 0, 0, 0, 0, '2018-04-28 11:01:56', '0000-00-00 00:00:00', 0),
(7903, 13, 56, 0, 0, 0, 0, '2018-04-28 11:01:56', '0000-00-00 00:00:00', 0),
(7904, 13, 57, 0, 0, 0, 0, '2018-04-28 11:01:56', '0000-00-00 00:00:00', 0),
(7905, 13, 60, 0, 0, 0, 0, '2018-04-28 11:01:56', '0000-00-00 00:00:00', 0),
(7906, 13, 94, 0, 0, 0, 0, '2018-04-28 11:01:56', '0000-00-00 00:00:00', 0),
(7907, 13, 24, NULL, 0, 0, 0, '2018-04-28 11:01:56', '0000-00-00 00:00:00', 0),
(7908, 13, 27, 0, 0, 0, 0, '2018-04-28 11:01:56', '0000-00-00 00:00:00', 0),
(7909, 13, 83, 1, 0, 0, 0, '2018-04-28 11:01:56', '0000-00-00 00:00:00', 0),
(7910, 13, 95, 0, 0, 0, 0, '2018-04-28 11:01:56', '0000-00-00 00:00:00', 0),
(7911, 13, 28, NULL, 0, 0, 0, '2018-04-28 11:01:56', '0000-00-00 00:00:00', 0),
(7912, 13, 29, 0, 0, 0, 0, '2018-04-28 11:01:56', '0000-00-00 00:00:00', 0),
(7913, 13, 30, 0, 0, 0, 0, '2018-04-28 11:01:56', '0000-00-00 00:00:00', 0),
(7914, 13, 81, 1, 0, 0, 0, '2018-04-28 11:01:56', '0000-00-00 00:00:00', 0),
(7915, 13, 31, NULL, 0, 0, 0, '2018-04-28 11:01:56', '0000-00-00 00:00:00', 0),
(7916, 13, 32, 0, 0, 0, 0, '2018-04-28 11:01:56', '0000-00-00 00:00:00', 0),
(7917, 13, 33, 0, 0, 0, 0, '2018-04-28 11:01:56', '0000-00-00 00:00:00', 0),
(7918, 13, 34, 0, 0, 0, 0, '2018-04-28 11:01:56', '0000-00-00 00:00:00', 0),
(7919, 13, 35, 0, 0, 0, 0, '2018-04-28 11:01:56', '0000-00-00 00:00:00', 0),
(7920, 13, 36, 0, 0, 0, 0, '2018-04-28 11:01:56', '0000-00-00 00:00:00', 0),
(7921, 13, 93, 0, 0, 0, 0, '2018-04-28 11:01:56', '0000-00-00 00:00:00', 0),
(7922, 13, 37, NULL, 0, 0, 0, '2018-04-28 11:01:56', '0000-00-00 00:00:00', 0),
(7923, 13, 38, 0, 0, 0, 0, '2018-04-28 11:01:56', '0000-00-00 00:00:00', 0),
(7924, 13, 39, 0, 0, 0, 0, '2018-04-28 11:01:56', '0000-00-00 00:00:00', 0),
(7925, 13, 40, 0, 0, 0, 0, '2018-04-28 11:01:56', '0000-00-00 00:00:00', 0),
(7926, 13, 76, 0, 0, 0, 0, '2018-04-28 11:01:56', '0000-00-00 00:00:00', 0),
(7927, 13, 77, 0, 0, 0, 0, '2018-04-28 11:01:56', '0000-00-00 00:00:00', 0),
(7928, 13, 78, 0, 0, 0, 0, '2018-04-28 11:01:56', '0000-00-00 00:00:00', 0),
(7929, 13, 79, 0, 0, 0, 0, '2018-04-28 11:01:56', '0000-00-00 00:00:00', 0),
(7930, 13, 41, NULL, 0, 0, 0, '2018-04-28 11:01:56', '0000-00-00 00:00:00', 0),
(7931, 13, 43, 0, 0, 0, 0, '2018-04-28 11:01:56', '0000-00-00 00:00:00', 0),
(7932, 13, 70, 0, 0, 0, 0, '2018-04-28 11:01:56', '0000-00-00 00:00:00', 0),
(7933, 13, 71, 0, 0, 0, 0, '2018-04-28 11:01:56', '0000-00-00 00:00:00', 0),
(7934, 13, 72, 0, 0, 0, 0, '2018-04-28 11:01:56', '0000-00-00 00:00:00', 0),
(7935, 13, 73, 0, 0, 0, 0, '2018-04-28 11:01:56', '0000-00-00 00:00:00', 0),
(7936, 13, 74, 0, 0, 0, 0, '2018-04-28 11:01:56', '0000-00-00 00:00:00', 0),
(7937, 13, 75, 0, 0, 0, 0, '2018-04-28 11:01:56', '0000-00-00 00:00:00', 0),
(7938, 13, 96, 0, 0, 0, 0, '2018-04-28 11:01:56', '0000-00-00 00:00:00', 0),
(7939, 13, 61, NULL, 0, 0, 0, '2018-04-28 11:01:56', '0000-00-00 00:00:00', 0),
(7940, 13, 62, 0, 0, 0, 0, '2018-04-28 11:01:56', '0000-00-00 00:00:00', 0),
(7941, 13, 87, 0, 0, 0, 0, '2018-04-28 11:01:56', '0000-00-00 00:00:00', 0),
(7942, 13, 89, 0, 0, 0, 0, '2018-04-28 11:01:56', '0000-00-00 00:00:00', 0),
(7943, 13, 90, 0, 0, 0, 0, '2018-04-28 11:01:56', '0000-00-00 00:00:00', 0),
(7944, 13, 64, NULL, 0, 0, 0, '2018-04-28 11:01:56', '0000-00-00 00:00:00', 0),
(7945, 13, 65, 0, 0, 0, 0, '2018-04-28 11:01:56', '0000-00-00 00:00:00', 0),
(7946, 13, 66, 0, 0, 0, 0, '2018-04-28 11:01:56', '0000-00-00 00:00:00', 0),
(7947, 13, 67, 0, 0, 0, 0, '2018-04-28 11:01:56', '0000-00-00 00:00:00', 0),
(7948, 13, 68, 0, 0, 0, 0, '2018-04-28 11:01:56', '0000-00-00 00:00:00', 0),
(7949, 13, 69, 0, 0, 0, 0, '2018-04-28 11:01:56', '0000-00-00 00:00:00', 0),
(7950, 13, 92, NULL, 0, 0, 0, '2018-04-28 11:01:56', '0000-00-00 00:00:00', 0),
(7951, 13, 97, 0, 0, 0, 0, '2018-04-28 11:01:56', '0000-00-00 00:00:00', 0),
(7952, 13, 98, 0, 0, 0, 0, '2018-04-28 11:01:56', '0000-00-00 00:00:00', 0),
(7953, 13, 99, 0, 0, 0, 0, '2018-04-28 11:01:56', '0000-00-00 00:00:00', 0),
(7954, 13, 100, 0, 0, 0, 0, '2018-04-28 11:01:56', '0000-00-00 00:00:00', 0),
(7955, 13, 101, 0, 0, 0, 0, '2018-04-28 11:01:56', '0000-00-00 00:00:00', 0),
(7956, 13, 102, 0, 0, 0, 0, '2018-04-28 11:01:56', '0000-00-00 00:00:00', 0),
(7957, 13, 103, 0, 0, 0, 0, '2018-04-28 11:01:56', '0000-00-00 00:00:00', 0),
(7958, 13, 104, 0, 0, 0, 0, '2018-04-28 11:01:56', '0000-00-00 00:00:00', 0),
(7959, 13, 105, 0, 0, 0, 0, '2018-04-28 11:01:56', '0000-00-00 00:00:00', 0),
(7960, 13, 106, 0, 0, 0, 0, '2018-04-28 11:01:56', '0000-00-00 00:00:00', 0),
(7961, 13, 107, 0, 0, 0, 0, '2018-04-28 11:01:56', '0000-00-00 00:00:00', 0),
(7962, 13, 108, 0, 0, 0, 0, '2018-04-28 11:01:56', '0000-00-00 00:00:00', 0),
(7963, 13, 110, 0, 0, 0, 0, '2018-04-28 11:01:56', '0000-00-00 00:00:00', 0),
(9424, 9, 1, NULL, 0, 0, 0, '2018-05-08 09:15:05', '0000-00-00 00:00:00', 0),
(9425, 9, 2, NULL, 0, 0, 0, '2018-05-08 09:15:05', '0000-00-00 00:00:00', 0),
(9426, 9, 4, 0, 0, 0, 0, '2018-05-08 09:15:05', '0000-00-00 00:00:00', 0),
(9427, 9, 5, 0, 0, 0, 0, '2018-05-08 09:15:05', '0000-00-00 00:00:00', 0),
(9428, 9, 7, NULL, 0, 0, 0, '2018-05-08 09:15:05', '0000-00-00 00:00:00', 0),
(9429, 9, 8, 0, 0, 0, 0, '2018-05-08 09:15:05', '0000-00-00 00:00:00', 0),
(9430, 9, 9, 0, 0, 0, 0, '2018-05-08 09:15:05', '0000-00-00 00:00:00', 0),
(9431, 9, 10, NULL, 0, 0, 0, '2018-05-08 09:15:05', '0000-00-00 00:00:00', 0),
(9432, 9, 11, 0, 0, 0, 0, '2018-05-08 09:15:05', '0000-00-00 00:00:00', 0),
(9433, 9, 12, 0, 0, 0, 0, '2018-05-08 09:15:05', '0000-00-00 00:00:00', 0),
(9434, 9, 13, NULL, 0, 0, 0, '2018-05-08 09:15:05', '0000-00-00 00:00:00', 0),
(9435, 9, 14, 0, 0, 0, 0, '2018-05-08 09:15:05', '0000-00-00 00:00:00', 0),
(9436, 9, 15, 0, 0, 0, 0, '2018-05-08 09:15:05', '0000-00-00 00:00:00', 0),
(9437, 9, 16, NULL, 0, 0, 0, '2018-05-08 09:15:05', '0000-00-00 00:00:00', 0),
(9438, 9, 17, 0, 0, 0, 0, '2018-05-08 09:15:05', '0000-00-00 00:00:00', 0),
(9439, 9, 44, 0, 0, 0, 0, '2018-05-08 09:15:05', '0000-00-00 00:00:00', 0),
(9440, 9, 45, 0, 0, 0, 0, '2018-05-08 09:15:05', '0000-00-00 00:00:00', 0),
(9441, 9, 46, 0, 0, 0, 0, '2018-05-08 09:15:05', '0000-00-00 00:00:00', 0),
(9442, 9, 48, 0, 0, 0, 0, '2018-05-08 09:15:05', '0000-00-00 00:00:00', 0),
(9443, 9, 49, 0, 0, 0, 0, '2018-05-08 09:15:05', '0000-00-00 00:00:00', 0),
(9444, 9, 50, 0, 0, 0, 0, '2018-05-08 09:15:05', '0000-00-00 00:00:00', 0),
(9445, 9, 51, 0, 0, 0, 0, '2018-05-08 09:15:05', '0000-00-00 00:00:00', 0),
(9446, 9, 52, 0, 0, 0, 0, '2018-05-08 09:15:05', '0000-00-00 00:00:00', 0),
(9447, 9, 53, 0, 0, 0, 0, '2018-05-08 09:15:05', '0000-00-00 00:00:00', 0),
(9448, 9, 54, 0, 0, 0, 0, '2018-05-08 09:15:05', '0000-00-00 00:00:00', 0),
(9449, 9, 55, 0, 0, 0, 0, '2018-05-08 09:15:05', '0000-00-00 00:00:00', 0),
(9450, 9, 56, 0, 0, 0, 0, '2018-05-08 09:15:05', '0000-00-00 00:00:00', 0),
(9451, 9, 57, 0, 0, 0, 0, '2018-05-08 09:15:05', '0000-00-00 00:00:00', 0),
(9452, 9, 60, 1, 1, 1, 0, '2018-05-08 09:15:05', '0000-00-00 00:00:00', 0),
(9453, 9, 94, 0, 0, 0, 0, '2018-05-08 09:15:05', '0000-00-00 00:00:00', 0),
(9454, 9, 24, NULL, 0, 0, 0, '2018-05-08 09:15:05', '0000-00-00 00:00:00', 0),
(9455, 9, 27, 0, 0, 0, 0, '2018-05-08 09:15:05', '0000-00-00 00:00:00', 0),
(9456, 9, 83, 0, 0, 0, 0, '2018-05-08 09:15:05', '0000-00-00 00:00:00', 0),
(9457, 9, 95, 0, 0, 0, 0, '2018-05-08 09:15:05', '0000-00-00 00:00:00', 0),
(9458, 9, 28, NULL, 0, 0, 0, '2018-05-08 09:15:05', '0000-00-00 00:00:00', 0),
(9459, 9, 30, 0, 0, 0, 0, '2018-05-08 09:15:05', '0000-00-00 00:00:00', 0),
(9460, 9, 81, 1, 0, 0, 0, '2018-05-08 09:15:05', '0000-00-00 00:00:00', 0),
(9461, 9, 31, NULL, 0, 0, 0, '2018-05-08 09:15:05', '0000-00-00 00:00:00', 0),
(9462, 9, 32, 0, 0, 0, 0, '2018-05-08 09:15:05', '0000-00-00 00:00:00', 0),
(9463, 9, 33, 0, 0, 0, 0, '2018-05-08 09:15:05', '0000-00-00 00:00:00', 0),
(9464, 9, 34, 0, 0, 0, 0, '2018-05-08 09:15:05', '0000-00-00 00:00:00', 0),
(9465, 9, 35, 0, 0, 0, 0, '2018-05-08 09:15:05', '0000-00-00 00:00:00', 0),
(9466, 9, 36, 0, 0, 0, 0, '2018-05-08 09:15:05', '0000-00-00 00:00:00', 0),
(9467, 9, 93, 0, 0, 0, 0, '2018-05-08 09:15:05', '0000-00-00 00:00:00', 0),
(9468, 9, 37, NULL, 0, 0, 0, '2018-05-08 09:15:05', '0000-00-00 00:00:00', 0),
(9469, 9, 39, 0, 0, 0, 0, '2018-05-08 09:15:05', '0000-00-00 00:00:00', 0),
(9470, 9, 40, 0, 0, 0, 0, '2018-05-08 09:15:05', '0000-00-00 00:00:00', 0),
(9471, 9, 76, 0, 0, 0, 0, '2018-05-08 09:15:05', '0000-00-00 00:00:00', 0),
(9472, 9, 77, 0, 0, 0, 0, '2018-05-08 09:15:05', '0000-00-00 00:00:00', 0),
(9473, 9, 114, 0, 0, 0, 0, '2018-05-08 09:15:05', '0000-00-00 00:00:00', 0),
(9474, 9, 115, 0, 0, 0, 0, '2018-05-08 09:15:05', '0000-00-00 00:00:00', 0),
(9475, 9, 41, NULL, 0, 0, 0, '2018-05-08 09:15:05', '0000-00-00 00:00:00', 0),
(9476, 9, 71, 0, 0, 0, 0, '2018-05-08 09:15:05', '0000-00-00 00:00:00', 0),
(9477, 9, 72, 0, 0, 0, 0, '2018-05-08 09:15:05', '0000-00-00 00:00:00', 0),
(9478, 9, 96, 0, 0, 0, 0, '2018-05-08 09:15:05', '0000-00-00 00:00:00', 0),
(9479, 9, 112, 0, 0, 0, 0, '2018-05-08 09:15:05', '0000-00-00 00:00:00', 0),
(9480, 9, 117, 0, 0, 0, 0, '2018-05-08 09:15:05', '0000-00-00 00:00:00', 0),
(9481, 9, 118, 0, 0, 0, 0, '2018-05-08 09:15:05', '0000-00-00 00:00:00', 0),
(9482, 9, 61, NULL, 0, 0, 0, '2018-05-08 09:15:05', '0000-00-00 00:00:00', 0),
(9483, 9, 43, 0, 0, 0, 0, '2018-05-08 09:15:05', '0000-00-00 00:00:00', 0),
(9484, 9, 62, 0, 0, 0, 0, '2018-05-08 09:15:05', '0000-00-00 00:00:00', 0),
(9485, 9, 87, 0, 0, 0, 0, '2018-05-08 09:15:05', '0000-00-00 00:00:00', 0),
(9486, 9, 89, 0, 0, 0, 0, '2018-05-08 09:15:05', '0000-00-00 00:00:00', 0),
(9487, 9, 90, 0, 0, 0, 0, '2018-05-08 09:15:05', '0000-00-00 00:00:00', 0),
(9488, 9, 116, 0, 0, 0, 0, '2018-05-08 09:15:05', '0000-00-00 00:00:00', 0),
(9489, 9, 64, NULL, 0, 0, 0, '2018-05-08 09:15:05', '0000-00-00 00:00:00', 0),
(9490, 9, 65, 0, 0, 0, 0, '2018-05-08 09:15:05', '0000-00-00 00:00:00', 0),
(9491, 9, 66, 0, 0, 0, 0, '2018-05-08 09:15:05', '0000-00-00 00:00:00', 0),
(9492, 9, 67, 0, 0, 0, 0, '2018-05-08 09:15:05', '0000-00-00 00:00:00', 0),
(9493, 9, 68, 0, 0, 0, 0, '2018-05-08 09:15:05', '0000-00-00 00:00:00', 0),
(9494, 9, 113, 0, 0, 0, 0, '2018-05-08 09:15:05', '0000-00-00 00:00:00', 0),
(9495, 9, 119, 0, 0, 0, 0, '2018-05-08 09:15:05', '0000-00-00 00:00:00', 0),
(9496, 9, 92, NULL, 0, 0, 0, '2018-05-08 09:15:05', '0000-00-00 00:00:00', 0),
(9497, 9, 97, 0, 0, 0, 0, '2018-05-08 09:15:05', '0000-00-00 00:00:00', 0),
(9498, 9, 98, 0, 0, 0, 0, '2018-05-08 09:15:05', '0000-00-00 00:00:00', 0),
(9499, 9, 99, 0, 0, 0, 0, '2018-05-08 09:15:05', '0000-00-00 00:00:00', 0),
(9500, 9, 100, 0, 0, 0, 0, '2018-05-08 09:15:05', '0000-00-00 00:00:00', 0),
(9501, 9, 101, 0, 0, 0, 0, '2018-05-08 09:15:05', '0000-00-00 00:00:00', 0),
(9502, 9, 103, 0, 0, 0, 0, '2018-05-08 09:15:05', '0000-00-00 00:00:00', 0),
(9503, 9, 104, 0, 0, 0, 0, '2018-05-08 09:15:05', '0000-00-00 00:00:00', 0),
(9504, 9, 105, 0, 0, 0, 0, '2018-05-08 09:15:05', '0000-00-00 00:00:00', 0),
(9505, 9, 106, 0, 0, 0, 0, '2018-05-08 09:15:05', '0000-00-00 00:00:00', 0),
(9506, 9, 107, 0, 0, 0, 0, '2018-05-08 09:15:05', '0000-00-00 00:00:00', 0),
(9507, 9, 108, 0, 0, 0, 0, '2018-05-08 09:15:05', '0000-00-00 00:00:00', 0),
(9508, 9, 110, 0, 0, 0, 0, '2018-05-08 09:15:05', '0000-00-00 00:00:00', 0),
(9509, 9, 111, 0, 0, 0, 0, '2018-05-08 09:15:05', '0000-00-00 00:00:00', 0),
(48522, 17, 1, NULL, 0, 0, 0, '2018-07-16 02:42:42', '0000-00-00 00:00:00', 0),
(48523, 17, 2, NULL, 0, 0, 0, '2018-07-16 02:42:42', '0000-00-00 00:00:00', 0),
(48524, 17, 4, 1, 1, 1, 1, '2018-07-16 02:42:42', '0000-00-00 00:00:00', 0),
(48525, 17, 5, 1, 1, 1, 1, '2018-07-16 02:42:42', '0000-00-00 00:00:00', 0),
(48526, 17, 7, NULL, 0, 0, 0, '2018-07-16 02:42:42', '0000-00-00 00:00:00', 0),
(48527, 17, 8, 1, 1, 1, 1, '2018-07-16 02:42:42', '0000-00-00 00:00:00', 0),
(48528, 17, 9, 1, 1, 1, 1, '2018-07-16 02:42:42', '0000-00-00 00:00:00', 0),
(48529, 17, 10, NULL, 0, 0, 0, '2018-07-16 02:42:42', '0000-00-00 00:00:00', 0),
(48530, 17, 11, 1, 1, 1, 1, '2018-07-16 02:42:42', '0000-00-00 00:00:00', 0),
(48531, 17, 12, 1, 1, 1, 1, '2018-07-16 02:42:42', '0000-00-00 00:00:00', 0),
(48532, 17, 13, NULL, 0, 0, 0, '2018-07-16 02:42:42', '0000-00-00 00:00:00', 0),
(48533, 17, 14, 1, 1, 1, 1, '2018-07-16 02:42:42', '0000-00-00 00:00:00', 0),
(48534, 17, 15, 1, 1, 1, 1, '2018-07-16 02:42:42', '0000-00-00 00:00:00', 0),
(48535, 17, 16, NULL, 0, 0, 0, '2018-07-16 02:42:42', '0000-00-00 00:00:00', 0),
(48536, 17, 17, 1, 1, 1, 1, '2018-07-16 02:42:42', '0000-00-00 00:00:00', 0),
(48537, 17, 44, 1, 1, 1, 1, '2018-07-16 02:42:42', '0000-00-00 00:00:00', 0),
(48538, 17, 45, 1, 1, 0, 1, '2018-07-16 02:42:42', '0000-00-00 00:00:00', 0),
(48539, 17, 46, 1, 1, 0, 1, '2018-07-16 02:42:42', '0000-00-00 00:00:00', 0),
(48540, 17, 48, 1, 1, 1, 1, '2018-07-16 02:42:42', '0000-00-00 00:00:00', 0),
(48541, 17, 49, 1, 1, 1, 1, '2018-07-16 02:42:42', '0000-00-00 00:00:00', 0),
(48542, 17, 50, 1, 1, 1, 1, '2018-07-16 02:42:42', '0000-00-00 00:00:00', 0),
(48543, 17, 51, 1, 1, 1, 1, '2018-07-16 02:42:42', '0000-00-00 00:00:00', 0),
(48544, 17, 52, 1, 1, 0, 1, '2018-07-16 02:42:42', '0000-00-00 00:00:00', 0),
(48545, 17, 53, 1, 1, 1, 1, '2018-07-16 02:42:42', '0000-00-00 00:00:00', 0),
(48546, 17, 54, 1, 1, 0, 1, '2018-07-16 02:42:42', '0000-00-00 00:00:00', 0),
(48547, 17, 55, 1, 1, 1, 1, '2018-07-16 02:42:42', '0000-00-00 00:00:00', 0),
(48548, 17, 56, 1, 1, 1, 1, '2018-07-16 02:42:42', '0000-00-00 00:00:00', 0),
(48549, 17, 57, 1, 1, 0, 1, '2018-07-16 02:42:42', '0000-00-00 00:00:00', 0),
(48550, 17, 60, 1, 1, 1, 1, '2018-07-16 02:42:42', '0000-00-00 00:00:00', 0),
(48551, 17, 94, 1, 1, 1, 1, '2018-07-16 02:42:42', '0000-00-00 00:00:00', 0),
(48552, 17, 24, NULL, 0, 0, 0, '2018-07-16 02:42:42', '0000-00-00 00:00:00', 0),
(48553, 17, 27, 1, 1, 1, 1, '2018-07-16 02:42:42', '0000-00-00 00:00:00', 0),
(48554, 17, 83, 1, 1, 1, 1, '2018-07-16 02:42:42', '0000-00-00 00:00:00', 0),
(48555, 17, 95, 1, 1, 1, 1, '2018-07-16 02:42:42', '0000-00-00 00:00:00', 0),
(48556, 17, 28, NULL, 0, 0, 0, '2018-07-16 02:42:42', '0000-00-00 00:00:00', 0),
(48557, 17, 30, 1, 1, 1, 1, '2018-07-16 02:42:42', '0000-00-00 00:00:00', 0),
(48558, 17, 81, 1, 1, 1, 1, '2018-07-16 02:42:42', '0000-00-00 00:00:00', 0),
(48559, 17, 125, 1, 1, 1, 1, '2018-07-16 02:42:42', '0000-00-00 00:00:00', 0),
(48560, 17, 31, NULL, 0, 0, 0, '2018-07-16 02:42:42', '0000-00-00 00:00:00', 0),
(48561, 17, 32, 1, 1, 1, 1, '2018-07-16 02:42:42', '0000-00-00 00:00:00', 0),
(48562, 17, 33, 1, 1, 1, 1, '2018-07-16 02:42:42', '0000-00-00 00:00:00', 0),
(48563, 17, 34, 1, 1, 1, 1, '2018-07-16 02:42:42', '0000-00-00 00:00:00', 0),
(48564, 17, 35, 1, 1, 1, 1, '2018-07-16 02:42:42', '0000-00-00 00:00:00', 0),
(48565, 17, 36, 1, 1, 1, 1, '2018-07-16 02:42:42', '0000-00-00 00:00:00', 0),
(48566, 17, 93, 1, 1, 1, 1, '2018-07-16 02:42:42', '0000-00-00 00:00:00', 0),
(48567, 17, 121, 1, 1, 1, 1, '2018-07-16 02:42:42', '0000-00-00 00:00:00', 0),
(48568, 17, 128, 1, 1, 1, 1, '2018-07-16 02:42:42', '0000-00-00 00:00:00', 0),
(48569, 17, 129, 1, 1, 1, 1, '2018-07-16 02:42:42', '0000-00-00 00:00:00', 0),
(48570, 17, 37, NULL, 0, 0, 0, '2018-07-16 02:42:42', '0000-00-00 00:00:00', 0),
(48571, 17, 39, 1, 1, 1, 1, '2018-07-16 02:42:42', '0000-00-00 00:00:00', 0),
(48572, 17, 40, 1, 1, 1, 1, '2018-07-16 02:42:42', '0000-00-00 00:00:00', 0),
(48573, 17, 76, 1, 1, 1, 1, '2018-07-16 02:42:42', '0000-00-00 00:00:00', 0),
(48574, 17, 77, 1, 1, 1, 1, '2018-07-16 02:42:42', '0000-00-00 00:00:00', 0),
(48575, 17, 114, 1, 1, 1, 1, '2018-07-16 02:42:42', '0000-00-00 00:00:00', 0),
(48576, 17, 115, 1, 1, 1, 1, '2018-07-16 02:42:42', '0000-00-00 00:00:00', 0),
(48577, 17, 127, 1, 1, 1, 1, '2018-07-16 02:42:42', '0000-00-00 00:00:00', 0),
(48578, 17, 41, NULL, 0, 0, 0, '2018-07-16 02:42:42', '0000-00-00 00:00:00', 0),
(48579, 17, 71, 1, 1, 1, 1, '2018-07-16 02:42:42', '0000-00-00 00:00:00', 0),
(48580, 17, 72, 1, 1, 1, 1, '2018-07-16 02:42:42', '0000-00-00 00:00:00', 0),
(48581, 17, 96, 1, 1, 1, 1, '2018-07-16 02:42:42', '0000-00-00 00:00:00', 0),
(48582, 17, 112, 1, 1, 1, 1, '2018-07-16 02:42:42', '0000-00-00 00:00:00', 0),
(48583, 17, 117, 1, 1, 1, 1, '2018-07-16 02:42:42', '0000-00-00 00:00:00', 0),
(48584, 17, 118, 1, 1, 1, 1, '2018-07-16 02:42:42', '0000-00-00 00:00:00', 0),
(48585, 17, 61, NULL, 0, 0, 0, '2018-07-16 02:42:42', '0000-00-00 00:00:00', 0),
(48586, 17, 43, 1, 1, 1, 1, '2018-07-16 02:42:42', '0000-00-00 00:00:00', 0),
(48587, 17, 62, 1, 1, 1, 1, '2018-07-16 02:42:42', '0000-00-00 00:00:00', 0),
(48588, 17, 87, 1, 1, 1, 1, '2018-07-16 02:42:42', '0000-00-00 00:00:00', 0),
(48589, 17, 89, 1, 1, 1, 1, '2018-07-16 02:42:42', '0000-00-00 00:00:00', 0),
(48590, 17, 90, 1, 1, 1, 1, '2018-07-16 02:42:42', '0000-00-00 00:00:00', 0),
(48591, 17, 116, 1, 1, 1, 1, '2018-07-16 02:42:42', '0000-00-00 00:00:00', 0),
(48592, 17, 64, NULL, 0, 0, 0, '2018-07-16 02:42:42', '0000-00-00 00:00:00', 0),
(48593, 17, 65, 1, 1, 1, 1, '2018-07-16 02:42:42', '0000-00-00 00:00:00', 0),
(48594, 17, 66, 1, 1, 1, 1, '2018-07-16 02:42:42', '0000-00-00 00:00:00', 0),
(48595, 17, 67, 1, 1, 1, 1, '2018-07-16 02:42:42', '0000-00-00 00:00:00', 0),
(48596, 17, 68, 1, 1, 1, 1, '2018-07-16 02:42:42', '0000-00-00 00:00:00', 0),
(48597, 17, 113, 1, 1, 1, 1, '2018-07-16 02:42:42', '0000-00-00 00:00:00', 0),
(48598, 17, 119, 1, 1, 1, 1, '2018-07-16 02:42:42', '0000-00-00 00:00:00', 0),
(48599, 17, 124, 1, 1, 1, 1, '2018-07-16 02:42:42', '0000-00-00 00:00:00', 0),
(48600, 17, 92, NULL, 0, 0, 0, '2018-07-16 02:42:42', '0000-00-00 00:00:00', 0),
(48601, 17, 97, 1, 1, 1, 1, '2018-07-16 02:42:42', '0000-00-00 00:00:00', 0),
(48602, 17, 98, 1, 1, 1, 1, '2018-07-16 02:42:42', '0000-00-00 00:00:00', 0),
(48603, 17, 99, 1, 1, 1, 1, '2018-07-16 02:42:42', '0000-00-00 00:00:00', 0),
(48604, 17, 100, 1, 1, 1, 1, '2018-07-16 02:42:42', '0000-00-00 00:00:00', 0),
(48605, 17, 102, 1, 1, 1, 1, '2018-07-16 02:42:42', '0000-00-00 00:00:00', 0),
(48606, 17, 103, 1, 1, 1, 1, '2018-07-16 02:42:42', '0000-00-00 00:00:00', 0),
(48607, 17, 104, 1, 1, 1, 1, '2018-07-16 02:42:42', '0000-00-00 00:00:00', 0),
(48608, 17, 105, 1, 1, 1, 1, '2018-07-16 02:42:42', '0000-00-00 00:00:00', 0),
(48609, 17, 106, 1, 1, 1, 1, '2018-07-16 02:42:42', '0000-00-00 00:00:00', 0),
(48610, 17, 107, 1, 1, 1, 1, '2018-07-16 02:42:42', '0000-00-00 00:00:00', 0),
(48611, 17, 120, 1, 1, 1, 1, '2018-07-16 02:42:42', '0000-00-00 00:00:00', 0),
(338166, 12, 1, NULL, 0, 0, 0, '2018-10-10 09:00:34', '0000-00-00 00:00:00', 0),
(338167, 12, 2, NULL, 0, 0, 0, '2018-10-10 09:00:34', '0000-00-00 00:00:00', 0),
(338168, 12, 4, 0, 0, 0, 0, '2018-10-10 09:00:34', '0000-00-00 00:00:00', 0),
(338169, 12, 5, 0, 0, 0, 0, '2018-10-10 09:00:34', '0000-00-00 00:00:00', 0),
(338170, 12, 7, NULL, 0, 0, 0, '2018-10-10 09:00:34', '0000-00-00 00:00:00', 0),
(338171, 12, 8, 0, 0, 0, 0, '2018-10-10 09:00:34', '0000-00-00 00:00:00', 0),
(338172, 12, 9, 0, 0, 0, 0, '2018-10-10 09:00:34', '0000-00-00 00:00:00', 0),
(338173, 12, 10, NULL, 0, 0, 0, '2018-10-10 09:00:34', '0000-00-00 00:00:00', 0),
(338174, 12, 11, 0, 0, 0, 0, '2018-10-10 09:00:34', '0000-00-00 00:00:00', 0),
(338175, 12, 12, 0, 0, 0, 0, '2018-10-10 09:00:34', '0000-00-00 00:00:00', 0),
(338176, 12, 13, NULL, 0, 0, 0, '2018-10-10 09:00:34', '0000-00-00 00:00:00', 0),
(338177, 12, 14, 0, 0, 0, 1, '2018-10-10 09:00:34', '0000-00-00 00:00:00', 0),
(338178, 12, 15, 0, 0, 0, 0, '2018-10-10 09:00:34', '0000-00-00 00:00:00', 0),
(338179, 12, 16, NULL, 0, 0, 0, '2018-10-10 09:00:34', '0000-00-00 00:00:00', 0),
(338180, 12, 17, 0, 0, 0, 0, '2018-10-10 09:00:34', '0000-00-00 00:00:00', 0),
(338181, 12, 44, 0, 0, 0, 0, '2018-10-10 09:00:34', '0000-00-00 00:00:00', 0),
(338182, 12, 45, 0, 0, 0, 0, '2018-10-10 09:00:34', '0000-00-00 00:00:00', 0),
(338183, 12, 46, 0, 0, 0, 0, '2018-10-10 09:00:34', '0000-00-00 00:00:00', 0),
(338184, 12, 48, 0, 0, 0, 0, '2018-10-10 09:00:34', '0000-00-00 00:00:00', 0),
(338185, 12, 49, 0, 0, 0, 0, '2018-10-10 09:00:34', '0000-00-00 00:00:00', 0),
(338186, 12, 50, 0, 0, 0, 0, '2018-10-10 09:00:34', '0000-00-00 00:00:00', 0),
(338187, 12, 51, 0, 0, 0, 0, '2018-10-10 09:00:34', '0000-00-00 00:00:00', 0),
(338188, 12, 52, 0, 0, 0, 0, '2018-10-10 09:00:34', '0000-00-00 00:00:00', 0),
(338189, 12, 53, 0, 0, 0, 0, '2018-10-10 09:00:34', '0000-00-00 00:00:00', 0),
(338190, 12, 54, 0, 0, 0, 0, '2018-10-10 09:00:34', '0000-00-00 00:00:00', 0),
(338191, 12, 55, 0, 0, 0, 0, '2018-10-10 09:00:34', '0000-00-00 00:00:00', 0),
(338192, 12, 56, 0, 0, 0, 0, '2018-10-10 09:00:34', '0000-00-00 00:00:00', 0),
(338193, 12, 57, 0, 0, 0, 0, '2018-10-10 09:00:34', '0000-00-00 00:00:00', 0),
(338194, 12, 60, 0, 0, 0, 0, '2018-10-10 09:00:34', '0000-00-00 00:00:00', 0),
(338195, 12, 94, 0, 0, 0, 0, '2018-10-10 09:00:34', '0000-00-00 00:00:00', 0),
(338196, 12, 24, NULL, 0, 0, 0, '2018-10-10 09:00:34', '0000-00-00 00:00:00', 0),
(338197, 12, 27, 0, 0, 0, 0, '2018-10-10 09:00:34', '0000-00-00 00:00:00', 0),
(338198, 12, 83, 0, 0, 0, 0, '2018-10-10 09:00:34', '0000-00-00 00:00:00', 0),
(338199, 12, 95, 0, 0, 0, 0, '2018-10-10 09:00:34', '0000-00-00 00:00:00', 0),
(338200, 12, 28, NULL, 0, 0, 0, '2018-10-10 09:00:34', '0000-00-00 00:00:00', 0),
(338201, 12, 30, 0, 0, 0, 0, '2018-10-10 09:00:34', '0000-00-00 00:00:00', 0),
(338202, 12, 81, 0, 0, 0, 0, '2018-10-10 09:00:34', '0000-00-00 00:00:00', 0),
(338203, 12, 125, 0, 0, 0, 0, '2018-10-10 09:00:34', '0000-00-00 00:00:00', 0),
(338204, 12, 130, 0, 0, 0, 0, '2018-10-10 09:00:34', '0000-00-00 00:00:00', 0),
(338205, 12, 31, NULL, 0, 0, 0, '2018-10-10 09:00:34', '0000-00-00 00:00:00', 0),
(338206, 12, 32, 0, 0, 0, 0, '2018-10-10 09:00:34', '0000-00-00 00:00:00', 0),
(338207, 12, 33, 0, 0, 0, 0, '2018-10-10 09:00:34', '0000-00-00 00:00:00', 0),
(338208, 12, 34, 0, 0, 0, 0, '2018-10-10 09:00:34', '0000-00-00 00:00:00', 0),
(338209, 12, 35, 0, 0, 0, 0, '2018-10-10 09:00:34', '0000-00-00 00:00:00', 0),
(338210, 12, 36, 0, 0, 0, 0, '2018-10-10 09:00:34', '0000-00-00 00:00:00', 0),
(338211, 12, 93, 0, 0, 0, 0, '2018-10-10 09:00:34', '0000-00-00 00:00:00', 0),
(338212, 12, 121, 0, 0, 0, 0, '2018-10-10 09:00:34', '0000-00-00 00:00:00', 0),
(338213, 12, 128, 0, 0, 0, 0, '2018-10-10 09:00:34', '0000-00-00 00:00:00', 0),
(338214, 12, 129, 0, 0, 0, 0, '2018-10-10 09:00:34', '0000-00-00 00:00:00', 0),
(338215, 12, 37, NULL, 0, 0, 0, '2018-10-10 09:00:34', '0000-00-00 00:00:00', 0),
(338216, 12, 39, 0, 0, 0, 1, '2018-10-10 09:00:34', '0000-00-00 00:00:00', 0),
(338217, 12, 40, 1, 1, 0, 1, '2018-10-10 09:00:34', '0000-00-00 00:00:00', 0),
(338218, 12, 76, 0, 0, 0, 0, '2018-10-10 09:00:34', '0000-00-00 00:00:00', 0),
(338219, 12, 77, 0, 0, 0, 1, '2018-10-10 09:00:34', '0000-00-00 00:00:00', 0),
(338220, 12, 114, 0, 0, 0, 0, '2018-10-10 09:00:34', '0000-00-00 00:00:00', 0),
(338221, 12, 115, 0, 0, 0, 1, '2018-10-10 09:00:34', '0000-00-00 00:00:00', 0),
(338222, 12, 127, 0, 0, 0, 0, '2018-10-10 09:00:34', '0000-00-00 00:00:00', 0),
(338223, 12, 41, NULL, 0, 0, 0, '2018-10-10 09:00:34', '0000-00-00 00:00:00', 0),
(338224, 12, 71, 0, 0, 0, 0, '2018-10-10 09:00:34', '0000-00-00 00:00:00', 0),
(338225, 12, 72, 1, 1, 0, 1, '2018-10-10 09:00:34', '0000-00-00 00:00:00', 0),
(338226, 12, 96, 1, 1, 0, 1, '2018-10-10 09:00:34', '0000-00-00 00:00:00', 0),
(338227, 12, 112, 0, 0, 0, 0, '2018-10-10 09:00:34', '0000-00-00 00:00:00', 0),
(338228, 12, 117, 1, 1, 0, 1, '2018-10-10 09:00:34', '0000-00-00 00:00:00', 0),
(338229, 12, 118, 1, 1, 0, 1, '2018-10-10 09:00:34', '0000-00-00 00:00:00', 0),
(338230, 12, 61, NULL, 0, 0, 0, '2018-10-10 09:00:34', '0000-00-00 00:00:00', 0),
(338231, 12, 43, 0, 0, 0, 0, '2018-10-10 09:00:34', '0000-00-00 00:00:00', 0),
(338232, 12, 62, 0, 0, 0, 0, '2018-10-10 09:00:34', '0000-00-00 00:00:00', 0),
(338233, 12, 87, 0, 0, 0, 0, '2018-10-10 09:00:34', '0000-00-00 00:00:00', 0),
(338234, 12, 89, 0, 0, 0, 0, '2018-10-10 09:00:34', '0000-00-00 00:00:00', 0),
(338235, 12, 90, 0, 0, 0, 0, '2018-10-10 09:00:34', '0000-00-00 00:00:00', 0),
(338236, 12, 116, 0, 0, 0, 0, '2018-10-10 09:00:34', '0000-00-00 00:00:00', 0),
(338237, 12, 64, NULL, 0, 0, 0, '2018-10-10 09:00:34', '0000-00-00 00:00:00', 0),
(338238, 12, 65, 1, 1, 0, 1, '2018-10-10 09:00:34', '0000-00-00 00:00:00', 0),
(338239, 12, 66, 0, 0, 0, 0, '2018-10-10 09:00:34', '0000-00-00 00:00:00', 0),
(338240, 12, 67, 1, 1, 0, 1, '2018-10-10 09:00:34', '0000-00-00 00:00:00', 0),
(338241, 12, 68, 1, 1, 0, 1, '2018-10-10 09:00:34', '0000-00-00 00:00:00', 0),
(338242, 12, 113, 0, 0, 0, 0, '2018-10-10 09:00:34', '0000-00-00 00:00:00', 0),
(338243, 12, 119, 1, 1, 0, 1, '2018-10-10 09:00:34', '0000-00-00 00:00:00', 0),
(338244, 12, 124, 0, 0, 0, 0, '2018-10-10 09:00:34', '0000-00-00 00:00:00', 0),
(338245, 12, 92, NULL, 0, 0, 0, '2018-10-10 09:00:34', '0000-00-00 00:00:00', 0),
(338246, 12, 97, 0, 0, 0, 0, '2018-10-10 09:00:34', '0000-00-00 00:00:00', 0),
(338247, 12, 98, 0, 0, 0, 0, '2018-10-10 09:00:34', '0000-00-00 00:00:00', 0),
(338248, 12, 99, 0, 0, 0, 0, '2018-10-10 09:00:34', '0000-00-00 00:00:00', 0),
(338249, 12, 100, 0, 0, 0, 0, '2018-10-10 09:00:34', '0000-00-00 00:00:00', 0),
(338250, 12, 102, 0, 0, 0, 0, '2018-10-10 09:00:34', '0000-00-00 00:00:00', 0),
(338251, 12, 103, 0, 0, 0, 0, '2018-10-10 09:00:34', '0000-00-00 00:00:00', 0),
(338252, 12, 104, 0, 0, 0, 0, '2018-10-10 09:00:34', '0000-00-00 00:00:00', 0),
(338253, 12, 105, 0, 0, 0, 0, '2018-10-10 09:00:34', '0000-00-00 00:00:00', 0),
(338254, 12, 106, 0, 0, 0, 0, '2018-10-10 09:00:34', '0000-00-00 00:00:00', 0),
(338255, 12, 107, 0, 0, 0, 0, '2018-10-10 09:00:34', '0000-00-00 00:00:00', 0),
(338256, 12, 120, 0, 0, 0, 0, '2018-10-10 09:00:34', '0000-00-00 00:00:00', 0),
(338257, 12, 133, NULL, 0, 0, 0, '2018-10-10 09:00:34', '0000-00-00 00:00:00', 0),
(338258, 12, 134, 1, 1, 1, 1, '2018-10-10 09:00:34', '0000-00-00 00:00:00', 0),
(338259, 12, 135, 1, 1, 1, 1, '2018-10-10 09:00:34', '0000-00-00 00:00:00', 0),
(338260, 12, 136, 1, 1, 1, 1, '2018-10-10 09:00:34', '0000-00-00 00:00:00', 0),
(350706, 15, 1, NULL, 0, 0, 0, '2018-11-11 05:38:14', '0000-00-00 00:00:00', 0),
(350707, 15, 2, NULL, 0, 0, 0, '2018-11-11 05:38:14', '0000-00-00 00:00:00', 0),
(350708, 15, 4, 0, 0, 0, 0, '2018-11-11 05:38:14', '0000-00-00 00:00:00', 0),
(350709, 15, 5, 0, 0, 0, 0, '2018-11-11 05:38:14', '0000-00-00 00:00:00', 0),
(350710, 15, 7, NULL, 0, 0, 0, '2018-11-11 05:38:14', '0000-00-00 00:00:00', 0),
(350711, 15, 8, 0, 0, 0, 1, '2018-11-11 05:38:14', '0000-00-00 00:00:00', 0),
(350712, 15, 9, 0, 0, 0, 0, '2018-11-11 05:38:14', '0000-00-00 00:00:00', 0),
(350713, 15, 10, NULL, 0, 0, 0, '2018-11-11 05:38:14', '0000-00-00 00:00:00', 0),
(350714, 15, 11, 0, 0, 0, 1, '2018-11-11 05:38:14', '0000-00-00 00:00:00', 0),
(350715, 15, 12, 0, 0, 0, 0, '2018-11-11 05:38:14', '0000-00-00 00:00:00', 0),
(350716, 15, 13, NULL, 0, 0, 0, '2018-11-11 05:38:14', '0000-00-00 00:00:00', 0),
(350717, 15, 14, 0, 0, 0, 1, '2018-11-11 05:38:14', '0000-00-00 00:00:00', 0),
(350718, 15, 15, 0, 0, 0, 0, '2018-11-11 05:38:14', '0000-00-00 00:00:00', 0),
(350719, 15, 16, NULL, 0, 0, 0, '2018-11-11 05:38:14', '0000-00-00 00:00:00', 0),
(350720, 15, 17, 0, 0, 0, 0, '2018-11-11 05:38:14', '0000-00-00 00:00:00', 0),
(350721, 15, 44, 0, 0, 0, 0, '2018-11-11 05:38:14', '0000-00-00 00:00:00', 0),
(350722, 15, 45, 0, 0, 0, 0, '2018-11-11 05:38:14', '0000-00-00 00:00:00', 0),
(350723, 15, 46, 0, 0, 0, 0, '2018-11-11 05:38:14', '0000-00-00 00:00:00', 0),
(350724, 15, 48, 0, 0, 0, 0, '2018-11-11 05:38:14', '0000-00-00 00:00:00', 0),
(350725, 15, 49, 0, 0, 0, 0, '2018-11-11 05:38:14', '0000-00-00 00:00:00', 0),
(350726, 15, 50, 0, 0, 0, 0, '2018-11-11 05:38:14', '0000-00-00 00:00:00', 0),
(350727, 15, 51, 0, 0, 0, 0, '2018-11-11 05:38:14', '0000-00-00 00:00:00', 0),
(350728, 15, 52, 0, 0, 0, 0, '2018-11-11 05:38:14', '0000-00-00 00:00:00', 0),
(350729, 15, 53, 0, 0, 0, 0, '2018-11-11 05:38:14', '0000-00-00 00:00:00', 0),
(350730, 15, 54, 0, 0, 0, 0, '2018-11-11 05:38:14', '0000-00-00 00:00:00', 0),
(350731, 15, 55, 0, 0, 0, 0, '2018-11-11 05:38:14', '0000-00-00 00:00:00', 0),
(350732, 15, 56, 0, 0, 0, 0, '2018-11-11 05:38:14', '0000-00-00 00:00:00', 0),
(350733, 15, 57, 0, 0, 0, 0, '2018-11-11 05:38:14', '0000-00-00 00:00:00', 0),
(350734, 15, 60, 0, 0, 0, 0, '2018-11-11 05:38:14', '0000-00-00 00:00:00', 0),
(350735, 15, 94, 0, 0, 0, 0, '2018-11-11 05:38:14', '0000-00-00 00:00:00', 0),
(350736, 15, 24, NULL, 0, 0, 0, '2018-11-11 05:38:14', '0000-00-00 00:00:00', 0),
(350737, 15, 27, 0, 0, 0, 1, '2018-11-11 05:38:14', '0000-00-00 00:00:00', 0),
(350738, 15, 83, 0, 0, 0, 1, '2018-11-11 05:38:14', '0000-00-00 00:00:00', 0),
(350739, 15, 95, 0, 0, 0, 0, '2018-11-11 05:38:14', '0000-00-00 00:00:00', 0),
(350740, 15, 28, NULL, 0, 0, 0, '2018-11-11 05:38:14', '0000-00-00 00:00:00', 0),
(350741, 15, 30, 0, 0, 0, 1, '2018-11-11 05:38:14', '0000-00-00 00:00:00', 0),
(350742, 15, 81, 0, 0, 0, 0, '2018-11-11 05:38:14', '0000-00-00 00:00:00', 0),
(350743, 15, 125, 0, 0, 0, 0, '2018-11-11 05:38:14', '0000-00-00 00:00:00', 0),
(350744, 15, 130, 0, 0, 0, 0, '2018-11-11 05:38:14', '0000-00-00 00:00:00', 0),
(350745, 15, 31, NULL, 0, 0, 0, '2018-11-11 05:38:14', '0000-00-00 00:00:00', 0),
(350746, 15, 32, 0, 0, 0, 0, '2018-11-11 05:38:14', '0000-00-00 00:00:00', 0),
(350747, 15, 33, 0, 0, 0, 0, '2018-11-11 05:38:14', '0000-00-00 00:00:00', 0),
(350748, 15, 34, 0, 0, 0, 0, '2018-11-11 05:38:14', '0000-00-00 00:00:00', 0),
(350749, 15, 35, 0, 0, 0, 0, '2018-11-11 05:38:14', '0000-00-00 00:00:00', 0),
(350750, 15, 36, 0, 0, 0, 0, '2018-11-11 05:38:14', '0000-00-00 00:00:00', 0),
(350751, 15, 93, 0, 0, 0, 0, '2018-11-11 05:38:14', '0000-00-00 00:00:00', 0),
(350752, 15, 121, 0, 0, 0, 0, '2018-11-11 05:38:14', '0000-00-00 00:00:00', 0),
(350753, 15, 128, 0, 0, 0, 0, '2018-11-11 05:38:14', '0000-00-00 00:00:00', 0),
(350754, 15, 129, 0, 0, 0, 0, '2018-11-11 05:38:14', '0000-00-00 00:00:00', 0),
(350755, 15, 37, NULL, 0, 0, 0, '2018-11-11 05:38:14', '0000-00-00 00:00:00', 0),
(350756, 15, 39, 1, 0, 0, 1, '2018-11-11 05:38:14', '0000-00-00 00:00:00', 0),
(350757, 15, 40, 1, 1, 0, 1, '2018-11-11 05:38:14', '0000-00-00 00:00:00', 0),
(350758, 15, 76, 0, 0, 0, 0, '2018-11-11 05:38:14', '0000-00-00 00:00:00', 0),
(350759, 15, 77, 1, 1, 0, 1, '2018-11-11 05:38:14', '0000-00-00 00:00:00', 0),
(350760, 15, 114, 0, 0, 0, 0, '2018-11-11 05:38:14', '0000-00-00 00:00:00', 0),
(350761, 15, 115, 1, 1, 0, 1, '2018-11-11 05:38:14', '0000-00-00 00:00:00', 0),
(350762, 15, 127, 1, 1, 0, 1, '2018-11-11 05:38:14', '0000-00-00 00:00:00', 0),
(350763, 15, 41, NULL, 0, 0, 0, '2018-11-11 05:38:14', '0000-00-00 00:00:00', 0),
(350764, 15, 71, 0, 0, 0, 0, '2018-11-11 05:38:14', '0000-00-00 00:00:00', 0),
(350765, 15, 72, 1, 1, 0, 1, '2018-11-11 05:38:14', '0000-00-00 00:00:00', 0),
(350766, 15, 96, 1, 1, 0, 1, '2018-11-11 05:38:14', '0000-00-00 00:00:00', 0),
(350767, 15, 112, 0, 0, 0, 0, '2018-11-11 05:38:14', '0000-00-00 00:00:00', 0),
(350768, 15, 117, 1, 1, 0, 1, '2018-11-11 05:38:14', '0000-00-00 00:00:00', 0),
(350769, 15, 118, 1, 1, 0, 1, '2018-11-11 05:38:14', '0000-00-00 00:00:00', 0),
(350770, 15, 61, NULL, 0, 0, 0, '2018-11-11 05:38:14', '0000-00-00 00:00:00', 0),
(350771, 15, 43, 1, 1, 0, 1, '2018-11-11 05:38:14', '0000-00-00 00:00:00', 0),
(350772, 15, 62, 0, 0, 0, 0, '2018-11-11 05:38:14', '0000-00-00 00:00:00', 0),
(350773, 15, 87, 1, 1, 0, 1, '2018-11-11 05:38:14', '0000-00-00 00:00:00', 0),
(350774, 15, 89, 1, 1, 0, 1, '2018-11-11 05:38:14', '0000-00-00 00:00:00', 0),
(350775, 15, 90, 1, 1, 0, 1, '2018-11-11 05:38:14', '0000-00-00 00:00:00', 0),
(350776, 15, 116, 1, 1, 0, 1, '2018-11-11 05:38:14', '0000-00-00 00:00:00', 0),
(350777, 15, 64, NULL, 0, 0, 0, '2018-11-11 05:38:14', '0000-00-00 00:00:00', 0),
(350778, 15, 65, 1, 1, 0, 1, '2018-11-11 05:38:14', '0000-00-00 00:00:00', 0),
(350779, 15, 66, 0, 0, 0, 0, '2018-11-11 05:38:14', '0000-00-00 00:00:00', 0),
(350780, 15, 67, 1, 1, 0, 1, '2018-11-11 05:38:14', '0000-00-00 00:00:00', 0),
(350781, 15, 68, 1, 1, 0, 1, '2018-11-11 05:38:14', '0000-00-00 00:00:00', 0),
(350782, 15, 113, 0, 0, 0, 0, '2018-11-11 05:38:14', '0000-00-00 00:00:00', 0),
(350783, 15, 119, 1, 1, 0, 1, '2018-11-11 05:38:14', '0000-00-00 00:00:00', 0),
(350784, 15, 124, 0, 0, 0, 0, '2018-11-11 05:38:14', '0000-00-00 00:00:00', 0),
(350785, 15, 92, NULL, 0, 0, 0, '2018-11-11 05:38:14', '0000-00-00 00:00:00', 0),
(350786, 15, 97, 0, 0, 0, 0, '2018-11-11 05:38:14', '0000-00-00 00:00:00', 0),
(350787, 15, 98, 0, 0, 0, 0, '2018-11-11 05:38:14', '0000-00-00 00:00:00', 0),
(350788, 15, 99, 0, 0, 0, 0, '2018-11-11 05:38:14', '0000-00-00 00:00:00', 0),
(350789, 15, 100, 0, 0, 0, 0, '2018-11-11 05:38:14', '0000-00-00 00:00:00', 0),
(350790, 15, 102, 1, 1, 1, 1, '2018-11-11 05:38:14', '0000-00-00 00:00:00', 0),
(350791, 15, 103, 1, 1, 1, 1, '2018-11-11 05:38:14', '0000-00-00 00:00:00', 0),
(350792, 15, 104, 1, 1, 1, 1, '2018-11-11 05:38:14', '0000-00-00 00:00:00', 0),
(350793, 15, 105, 1, 1, 1, 1, '2018-11-11 05:38:14', '0000-00-00 00:00:00', 0),
(350794, 15, 106, 1, 1, 1, 1, '2018-11-11 05:38:14', '0000-00-00 00:00:00', 0),
(350795, 15, 107, 0, 0, 0, 0, '2018-11-11 05:38:14', '0000-00-00 00:00:00', 0),
(350796, 15, 120, 0, 0, 0, 0, '2018-11-11 05:38:14', '0000-00-00 00:00:00', 0),
(350797, 15, 133, NULL, 0, 0, 0, '2018-11-11 05:38:14', '0000-00-00 00:00:00', 0),
(350798, 15, 134, 0, 0, 0, 1, '2018-11-11 05:38:14', '0000-00-00 00:00:00', 0),
(350799, 15, 135, 0, 0, 0, 1, '2018-11-11 05:38:14', '0000-00-00 00:00:00', 0),
(350800, 15, 136, 0, 0, 0, 1, '2018-11-11 05:38:14', '0000-00-00 00:00:00', 0),
(350991, 14, 1, NULL, 0, 0, 0, '2018-11-11 05:40:25', '0000-00-00 00:00:00', 0),
(350992, 14, 2, NULL, 0, 0, 0, '2018-11-11 05:40:25', '0000-00-00 00:00:00', 0),
(350993, 14, 4, 0, 0, 0, 1, '2018-11-11 05:40:25', '0000-00-00 00:00:00', 0),
(350994, 14, 5, 0, 0, 0, 0, '2018-11-11 05:40:25', '0000-00-00 00:00:00', 0),
(350995, 14, 7, NULL, 0, 0, 0, '2018-11-11 05:40:25', '0000-00-00 00:00:00', 0),
(350996, 14, 8, 0, 0, 0, 1, '2018-11-11 05:40:25', '0000-00-00 00:00:00', 0),
(350997, 14, 9, 0, 0, 0, 0, '2018-11-11 05:40:25', '0000-00-00 00:00:00', 0),
(350998, 14, 10, NULL, 0, 0, 0, '2018-11-11 05:40:25', '0000-00-00 00:00:00', 0),
(350999, 14, 11, 0, 0, 0, 1, '2018-11-11 05:40:25', '0000-00-00 00:00:00', 0),
(351000, 14, 12, 0, 0, 0, 0, '2018-11-11 05:40:25', '0000-00-00 00:00:00', 0),
(351001, 14, 13, NULL, 0, 0, 0, '2018-11-11 05:40:25', '0000-00-00 00:00:00', 0),
(351002, 14, 14, 0, 0, 0, 1, '2018-11-11 05:40:25', '0000-00-00 00:00:00', 0),
(351003, 14, 15, 0, 0, 0, 0, '2018-11-11 05:40:25', '0000-00-00 00:00:00', 0),
(351004, 14, 16, NULL, 0, 0, 0, '2018-11-11 05:40:25', '0000-00-00 00:00:00', 0),
(351005, 14, 17, 0, 0, 0, 0, '2018-11-11 05:40:25', '0000-00-00 00:00:00', 0),
(351006, 14, 44, 0, 0, 0, 0, '2018-11-11 05:40:25', '0000-00-00 00:00:00', 0),
(351007, 14, 45, 0, 0, 0, 0, '2018-11-11 05:40:25', '0000-00-00 00:00:00', 0),
(351008, 14, 46, 0, 0, 0, 0, '2018-11-11 05:40:25', '0000-00-00 00:00:00', 0),
(351009, 14, 48, 0, 0, 0, 0, '2018-11-11 05:40:25', '0000-00-00 00:00:00', 0),
(351010, 14, 49, 0, 0, 0, 0, '2018-11-11 05:40:25', '0000-00-00 00:00:00', 0),
(351011, 14, 50, 0, 0, 0, 0, '2018-11-11 05:40:25', '0000-00-00 00:00:00', 0),
(351012, 14, 51, 0, 0, 0, 0, '2018-11-11 05:40:25', '0000-00-00 00:00:00', 0),
(351013, 14, 52, 0, 0, 0, 0, '2018-11-11 05:40:25', '0000-00-00 00:00:00', 0),
(351014, 14, 53, 0, 0, 0, 0, '2018-11-11 05:40:25', '0000-00-00 00:00:00', 0),
(351015, 14, 54, 0, 0, 0, 0, '2018-11-11 05:40:25', '0000-00-00 00:00:00', 0),
(351016, 14, 55, 0, 0, 0, 0, '2018-11-11 05:40:25', '0000-00-00 00:00:00', 0),
(351017, 14, 56, 0, 0, 0, 0, '2018-11-11 05:40:25', '0000-00-00 00:00:00', 0),
(351018, 14, 57, 0, 0, 0, 0, '2018-11-11 05:40:25', '0000-00-00 00:00:00', 0),
(351019, 14, 60, 0, 0, 0, 0, '2018-11-11 05:40:25', '0000-00-00 00:00:00', 0),
(351020, 14, 94, 0, 0, 0, 0, '2018-11-11 05:40:25', '0000-00-00 00:00:00', 0),
(351021, 14, 24, NULL, 0, 0, 0, '2018-11-11 05:40:25', '0000-00-00 00:00:00', 0),
(351022, 14, 27, 0, 0, 0, 1, '2018-11-11 05:40:25', '0000-00-00 00:00:00', 0),
(351023, 14, 83, 0, 0, 0, 1, '2018-11-11 05:40:25', '0000-00-00 00:00:00', 0),
(351024, 14, 95, 0, 0, 0, 0, '2018-11-11 05:40:25', '0000-00-00 00:00:00', 0),
(351025, 14, 28, NULL, 0, 0, 0, '2018-11-11 05:40:25', '0000-00-00 00:00:00', 0),
(351026, 14, 30, 0, 0, 0, 1, '2018-11-11 05:40:25', '0000-00-00 00:00:00', 0),
(351027, 14, 81, 0, 0, 0, 0, '2018-11-11 05:40:25', '0000-00-00 00:00:00', 0),
(351028, 14, 125, 0, 0, 0, 0, '2018-11-11 05:40:25', '0000-00-00 00:00:00', 0),
(351029, 14, 130, 0, 0, 0, 0, '2018-11-11 05:40:25', '0000-00-00 00:00:00', 0),
(351030, 14, 31, NULL, 0, 0, 0, '2018-11-11 05:40:25', '0000-00-00 00:00:00', 0),
(351031, 14, 32, 0, 0, 0, 0, '2018-11-11 05:40:25', '0000-00-00 00:00:00', 0),
(351032, 14, 33, 0, 0, 0, 0, '2018-11-11 05:40:25', '0000-00-00 00:00:00', 0),
(351033, 14, 34, 0, 0, 0, 0, '2018-11-11 05:40:25', '0000-00-00 00:00:00', 0),
(351034, 14, 35, 0, 0, 0, 0, '2018-11-11 05:40:25', '0000-00-00 00:00:00', 0),
(351035, 14, 36, 0, 0, 0, 0, '2018-11-11 05:40:25', '0000-00-00 00:00:00', 0),
(351036, 14, 93, 0, 0, 0, 0, '2018-11-11 05:40:25', '0000-00-00 00:00:00', 0),
(351037, 14, 121, 0, 0, 0, 0, '2018-11-11 05:40:25', '0000-00-00 00:00:00', 0),
(351038, 14, 128, 0, 0, 0, 0, '2018-11-11 05:40:25', '0000-00-00 00:00:00', 0),
(351039, 14, 129, 0, 0, 0, 0, '2018-11-11 05:40:25', '0000-00-00 00:00:00', 0),
(351040, 14, 37, NULL, 0, 0, 0, '2018-11-11 05:40:25', '0000-00-00 00:00:00', 0),
(351041, 14, 39, 1, 1, 0, 1, '2018-11-11 05:40:25', '0000-00-00 00:00:00', 0),
(351042, 14, 40, 1, 1, 0, 1, '2018-11-11 05:40:25', '0000-00-00 00:00:00', 0),
(351043, 14, 76, 0, 0, 0, 0, '2018-11-11 05:40:25', '0000-00-00 00:00:00', 0),
(351044, 14, 77, 1, 1, 0, 1, '2018-11-11 05:40:25', '0000-00-00 00:00:00', 0),
(351045, 14, 114, 0, 0, 0, 0, '2018-11-11 05:40:25', '0000-00-00 00:00:00', 0),
(351046, 14, 115, 1, 1, 0, 1, '2018-11-11 05:40:25', '0000-00-00 00:00:00', 0),
(351047, 14, 127, 1, 1, 0, 1, '2018-11-11 05:40:25', '0000-00-00 00:00:00', 0),
(351048, 14, 41, NULL, 0, 0, 0, '2018-11-11 05:40:25', '0000-00-00 00:00:00', 0),
(351049, 14, 71, 0, 0, 0, 0, '2018-11-11 05:40:25', '0000-00-00 00:00:00', 0),
(351050, 14, 72, 1, 1, 0, 1, '2018-11-11 05:40:25', '0000-00-00 00:00:00', 0),
(351051, 14, 96, 1, 1, 0, 1, '2018-11-11 05:40:25', '0000-00-00 00:00:00', 0),
(351052, 14, 112, 0, 0, 0, 0, '2018-11-11 05:40:25', '0000-00-00 00:00:00', 0),
(351053, 14, 117, 1, 1, 0, 1, '2018-11-11 05:40:25', '0000-00-00 00:00:00', 0),
(351054, 14, 118, 1, 1, 0, 1, '2018-11-11 05:40:25', '0000-00-00 00:00:00', 0),
(351055, 14, 61, NULL, 0, 0, 0, '2018-11-11 05:40:25', '0000-00-00 00:00:00', 0),
(351056, 14, 43, 1, 1, 0, 1, '2018-11-11 05:40:25', '0000-00-00 00:00:00', 0),
(351057, 14, 62, 0, 0, 0, 0, '2018-11-11 05:40:25', '0000-00-00 00:00:00', 0),
(351058, 14, 87, 1, 1, 0, 1, '2018-11-11 05:40:25', '0000-00-00 00:00:00', 0),
(351059, 14, 89, 1, 1, 0, 1, '2018-11-11 05:40:25', '0000-00-00 00:00:00', 0),
(351060, 14, 90, 1, 1, 0, 1, '2018-11-11 05:40:25', '0000-00-00 00:00:00', 0),
(351061, 14, 116, 1, 1, 0, 1, '2018-11-11 05:40:25', '0000-00-00 00:00:00', 0),
(351062, 14, 64, NULL, 0, 0, 0, '2018-11-11 05:40:25', '0000-00-00 00:00:00', 0),
(351063, 14, 65, 1, 0, 0, 1, '2018-11-11 05:40:25', '0000-00-00 00:00:00', 0),
(351064, 14, 66, 0, 0, 0, 0, '2018-11-11 05:40:25', '0000-00-00 00:00:00', 0);
INSERT INTO `user_access_menus` (`id`, `group_id`, `menu_id`, `can_add`, `can_edit`, `can_delete`, `can_view`, `create_at`, `update_at`, `created_by`) VALUES
(351065, 14, 67, 1, 0, 0, 1, '2018-11-11 05:40:25', '0000-00-00 00:00:00', 0),
(351066, 14, 68, 1, 0, 0, 1, '2018-11-11 05:40:25', '0000-00-00 00:00:00', 0),
(351067, 14, 113, 1, 0, 0, 1, '2018-11-11 05:40:25', '0000-00-00 00:00:00', 0),
(351068, 14, 119, 1, 0, 0, 1, '2018-11-11 05:40:25', '0000-00-00 00:00:00', 0),
(351069, 14, 124, 0, 0, 0, 0, '2018-11-11 05:40:25', '0000-00-00 00:00:00', 0),
(351070, 14, 92, NULL, 0, 0, 0, '2018-11-11 05:40:25', '0000-00-00 00:00:00', 0),
(351071, 14, 97, 0, 0, 0, 0, '2018-11-11 05:40:25', '0000-00-00 00:00:00', 0),
(351072, 14, 98, 0, 0, 0, 0, '2018-11-11 05:40:25', '0000-00-00 00:00:00', 0),
(351073, 14, 99, 0, 0, 0, 0, '2018-11-11 05:40:25', '0000-00-00 00:00:00', 0),
(351074, 14, 100, 0, 0, 0, 0, '2018-11-11 05:40:25', '0000-00-00 00:00:00', 0),
(351075, 14, 102, 1, 1, 1, 1, '2018-11-11 05:40:25', '0000-00-00 00:00:00', 0),
(351076, 14, 103, 1, 1, 1, 1, '2018-11-11 05:40:25', '0000-00-00 00:00:00', 0),
(351077, 14, 104, 1, 1, 1, 1, '2018-11-11 05:40:25', '0000-00-00 00:00:00', 0),
(351078, 14, 105, 1, 1, 1, 1, '2018-11-11 05:40:25', '0000-00-00 00:00:00', 0),
(351079, 14, 106, 1, 1, 1, 1, '2018-11-11 05:40:25', '0000-00-00 00:00:00', 0),
(351080, 14, 107, 0, 0, 0, 0, '2018-11-11 05:40:25', '0000-00-00 00:00:00', 0),
(351081, 14, 120, 0, 0, 0, 0, '2018-11-11 05:40:25', '0000-00-00 00:00:00', 0),
(351082, 14, 133, NULL, 0, 0, 0, '2018-11-11 05:40:25', '0000-00-00 00:00:00', 0),
(351083, 14, 134, 0, 0, 0, 1, '2018-11-11 05:40:25', '0000-00-00 00:00:00', 0),
(351084, 14, 135, 0, 0, 0, 1, '2018-11-11 05:40:25', '0000-00-00 00:00:00', 0),
(351085, 14, 136, 0, 0, 0, 1, '2018-11-11 05:40:25', '0000-00-00 00:00:00', 0),
(351276, 10, 1, NULL, 0, 0, 0, '2018-11-11 05:42:27', '0000-00-00 00:00:00', 0),
(351277, 10, 2, NULL, 0, 0, 0, '2018-11-11 05:42:27', '0000-00-00 00:00:00', 0),
(351278, 10, 4, 0, 0, 0, 1, '2018-11-11 05:42:27', '0000-00-00 00:00:00', 0),
(351279, 10, 5, 0, 0, 0, 0, '2018-11-11 05:42:27', '0000-00-00 00:00:00', 0),
(351280, 10, 7, NULL, 0, 0, 0, '2018-11-11 05:42:27', '0000-00-00 00:00:00', 0),
(351281, 10, 8, 0, 0, 0, 1, '2018-11-11 05:42:27', '0000-00-00 00:00:00', 0),
(351282, 10, 9, 0, 0, 0, 0, '2018-11-11 05:42:27', '0000-00-00 00:00:00', 0),
(351283, 10, 10, NULL, 0, 0, 0, '2018-11-11 05:42:27', '0000-00-00 00:00:00', 0),
(351284, 10, 11, 0, 0, 0, 1, '2018-11-11 05:42:27', '0000-00-00 00:00:00', 0),
(351285, 10, 12, 0, 0, 0, 0, '2018-11-11 05:42:27', '0000-00-00 00:00:00', 0),
(351286, 10, 13, NULL, 0, 0, 0, '2018-11-11 05:42:27', '0000-00-00 00:00:00', 0),
(351287, 10, 14, 0, 0, 0, 1, '2018-11-11 05:42:27', '0000-00-00 00:00:00', 0),
(351288, 10, 15, 0, 0, 0, 0, '2018-11-11 05:42:27', '0000-00-00 00:00:00', 0),
(351289, 10, 16, NULL, 0, 0, 0, '2018-11-11 05:42:27', '0000-00-00 00:00:00', 0),
(351290, 10, 17, 0, 0, 0, 0, '2018-11-11 05:42:27', '0000-00-00 00:00:00', 0),
(351291, 10, 44, 0, 0, 0, 0, '2018-11-11 05:42:27', '0000-00-00 00:00:00', 0),
(351292, 10, 45, 0, 0, 0, 0, '2018-11-11 05:42:27', '0000-00-00 00:00:00', 0),
(351293, 10, 46, 0, 0, 0, 0, '2018-11-11 05:42:27', '0000-00-00 00:00:00', 0),
(351294, 10, 48, 0, 0, 0, 0, '2018-11-11 05:42:27', '0000-00-00 00:00:00', 0),
(351295, 10, 49, 0, 0, 0, 0, '2018-11-11 05:42:27', '0000-00-00 00:00:00', 0),
(351296, 10, 50, 0, 0, 0, 0, '2018-11-11 05:42:27', '0000-00-00 00:00:00', 0),
(351297, 10, 51, 0, 0, 0, 0, '2018-11-11 05:42:27', '0000-00-00 00:00:00', 0),
(351298, 10, 52, 0, 0, 0, 0, '2018-11-11 05:42:27', '0000-00-00 00:00:00', 0),
(351299, 10, 53, 0, 0, 0, 0, '2018-11-11 05:42:27', '0000-00-00 00:00:00', 0),
(351300, 10, 54, 0, 0, 0, 0, '2018-11-11 05:42:27', '0000-00-00 00:00:00', 0),
(351301, 10, 55, 0, 0, 0, 0, '2018-11-11 05:42:27', '0000-00-00 00:00:00', 0),
(351302, 10, 56, 0, 0, 0, 0, '2018-11-11 05:42:27', '0000-00-00 00:00:00', 0),
(351303, 10, 57, 0, 0, 0, 0, '2018-11-11 05:42:27', '0000-00-00 00:00:00', 0),
(351304, 10, 60, 0, 0, 0, 0, '2018-11-11 05:42:27', '0000-00-00 00:00:00', 0),
(351305, 10, 94, 0, 0, 0, 0, '2018-11-11 05:42:27', '0000-00-00 00:00:00', 0),
(351306, 10, 24, NULL, 0, 0, 0, '2018-11-11 05:42:27', '0000-00-00 00:00:00', 0),
(351307, 10, 27, 0, 0, 0, 1, '2018-11-11 05:42:27', '0000-00-00 00:00:00', 0),
(351308, 10, 83, 0, 0, 0, 1, '2018-11-11 05:42:27', '0000-00-00 00:00:00', 0),
(351309, 10, 95, 0, 0, 0, 0, '2018-11-11 05:42:27', '0000-00-00 00:00:00', 0),
(351310, 10, 28, NULL, 0, 0, 0, '2018-11-11 05:42:27', '0000-00-00 00:00:00', 0),
(351311, 10, 30, 0, 0, 0, 1, '2018-11-11 05:42:27', '0000-00-00 00:00:00', 0),
(351312, 10, 81, 0, 0, 0, 0, '2018-11-11 05:42:27', '0000-00-00 00:00:00', 0),
(351313, 10, 125, 0, 0, 0, 0, '2018-11-11 05:42:27', '0000-00-00 00:00:00', 0),
(351314, 10, 130, 0, 0, 0, 0, '2018-11-11 05:42:27', '0000-00-00 00:00:00', 0),
(351315, 10, 31, NULL, 0, 0, 0, '2018-11-11 05:42:27', '0000-00-00 00:00:00', 0),
(351316, 10, 32, 0, 0, 0, 0, '2018-11-11 05:42:27', '0000-00-00 00:00:00', 0),
(351317, 10, 33, 0, 0, 0, 0, '2018-11-11 05:42:27', '0000-00-00 00:00:00', 0),
(351318, 10, 34, 0, 0, 0, 0, '2018-11-11 05:42:27', '0000-00-00 00:00:00', 0),
(351319, 10, 35, 0, 0, 0, 0, '2018-11-11 05:42:27', '0000-00-00 00:00:00', 0),
(351320, 10, 36, 0, 0, 0, 0, '2018-11-11 05:42:27', '0000-00-00 00:00:00', 0),
(351321, 10, 93, 0, 0, 0, 0, '2018-11-11 05:42:27', '0000-00-00 00:00:00', 0),
(351322, 10, 121, 0, 0, 0, 0, '2018-11-11 05:42:27', '0000-00-00 00:00:00', 0),
(351323, 10, 128, 0, 0, 0, 0, '2018-11-11 05:42:27', '0000-00-00 00:00:00', 0),
(351324, 10, 129, 0, 0, 0, 0, '2018-11-11 05:42:27', '0000-00-00 00:00:00', 0),
(351325, 10, 37, NULL, 0, 0, 0, '2018-11-11 05:42:27', '0000-00-00 00:00:00', 0),
(351326, 10, 39, 0, 0, 0, 1, '2018-11-11 05:42:27', '0000-00-00 00:00:00', 0),
(351327, 10, 40, 1, 1, 0, 1, '2018-11-11 05:42:27', '0000-00-00 00:00:00', 0),
(351328, 10, 76, 0, 0, 0, 0, '2018-11-11 05:42:27', '0000-00-00 00:00:00', 0),
(351329, 10, 77, 1, 1, 0, 1, '2018-11-11 05:42:27', '0000-00-00 00:00:00', 0),
(351330, 10, 114, 0, 0, 0, 0, '2018-11-11 05:42:27', '0000-00-00 00:00:00', 0),
(351331, 10, 115, 1, 1, 0, 1, '2018-11-11 05:42:27', '0000-00-00 00:00:00', 0),
(351332, 10, 127, 0, 0, 0, 0, '2018-11-11 05:42:27', '0000-00-00 00:00:00', 0),
(351333, 10, 41, NULL, 0, 0, 0, '2018-11-11 05:42:27', '0000-00-00 00:00:00', 0),
(351334, 10, 71, 0, 0, 0, 0, '2018-11-11 05:42:27', '0000-00-00 00:00:00', 0),
(351335, 10, 72, 1, 1, 0, 1, '2018-11-11 05:42:27', '0000-00-00 00:00:00', 0),
(351336, 10, 96, 1, 1, 0, 1, '2018-11-11 05:42:27', '0000-00-00 00:00:00', 0),
(351337, 10, 112, 0, 0, 0, 0, '2018-11-11 05:42:27', '0000-00-00 00:00:00', 0),
(351338, 10, 117, 0, 0, 0, 1, '2018-11-11 05:42:27', '0000-00-00 00:00:00', 0),
(351339, 10, 118, 0, 0, 0, 1, '2018-11-11 05:42:27', '0000-00-00 00:00:00', 0),
(351340, 10, 61, NULL, 0, 0, 0, '2018-11-11 05:42:27', '0000-00-00 00:00:00', 0),
(351341, 10, 43, 0, 0, 0, 1, '2018-11-11 05:42:27', '0000-00-00 00:00:00', 0),
(351342, 10, 62, 0, 0, 0, 0, '2018-11-11 05:42:27', '0000-00-00 00:00:00', 0),
(351343, 10, 87, 0, 0, 0, 1, '2018-11-11 05:42:27', '0000-00-00 00:00:00', 0),
(351344, 10, 89, 0, 0, 0, 1, '2018-11-11 05:42:27', '0000-00-00 00:00:00', 0),
(351345, 10, 90, 0, 0, 0, 1, '2018-11-11 05:42:27', '0000-00-00 00:00:00', 0),
(351346, 10, 116, 0, 0, 0, 1, '2018-11-11 05:42:27', '0000-00-00 00:00:00', 0),
(351347, 10, 64, NULL, 0, 0, 0, '2018-11-11 05:42:27', '0000-00-00 00:00:00', 0),
(351348, 10, 65, 0, 0, 0, 1, '2018-11-11 05:42:27', '0000-00-00 00:00:00', 0),
(351349, 10, 66, 0, 0, 0, 0, '2018-11-11 05:42:27', '0000-00-00 00:00:00', 0),
(351350, 10, 67, 0, 0, 0, 1, '2018-11-11 05:42:27', '0000-00-00 00:00:00', 0),
(351351, 10, 68, 0, 0, 0, 1, '2018-11-11 05:42:27', '0000-00-00 00:00:00', 0),
(351352, 10, 113, 0, 0, 0, 0, '2018-11-11 05:42:27', '0000-00-00 00:00:00', 0),
(351353, 10, 119, 0, 0, 0, 1, '2018-11-11 05:42:27', '0000-00-00 00:00:00', 0),
(351354, 10, 124, 0, 0, 0, 0, '2018-11-11 05:42:27', '0000-00-00 00:00:00', 0),
(351355, 10, 92, NULL, 0, 0, 0, '2018-11-11 05:42:27', '0000-00-00 00:00:00', 0),
(351356, 10, 97, 0, 0, 0, 0, '2018-11-11 05:42:27', '0000-00-00 00:00:00', 0),
(351357, 10, 98, 0, 0, 0, 0, '2018-11-11 05:42:27', '0000-00-00 00:00:00', 0),
(351358, 10, 99, 0, 0, 0, 0, '2018-11-11 05:42:27', '0000-00-00 00:00:00', 0),
(351359, 10, 100, 0, 0, 0, 0, '2018-11-11 05:42:27', '0000-00-00 00:00:00', 0),
(351360, 10, 102, 1, 1, 1, 1, '2018-11-11 05:42:27', '0000-00-00 00:00:00', 0),
(351361, 10, 103, 1, 1, 1, 1, '2018-11-11 05:42:27', '0000-00-00 00:00:00', 0),
(351362, 10, 104, 1, 1, 1, 1, '2018-11-11 05:42:27', '0000-00-00 00:00:00', 0),
(351363, 10, 105, 1, 1, 1, 1, '2018-11-11 05:42:27', '0000-00-00 00:00:00', 0),
(351364, 10, 106, 1, 1, 1, 1, '2018-11-11 05:42:27', '0000-00-00 00:00:00', 0),
(351365, 10, 107, 0, 0, 0, 0, '2018-11-11 05:42:27', '0000-00-00 00:00:00', 0),
(351366, 10, 120, 0, 0, 0, 0, '2018-11-11 05:42:27', '0000-00-00 00:00:00', 0),
(351367, 10, 133, NULL, 0, 0, 0, '2018-11-11 05:42:27', '0000-00-00 00:00:00', 0),
(351368, 10, 134, 0, 0, 0, 1, '2018-11-11 05:42:27', '0000-00-00 00:00:00', 0),
(351369, 10, 135, 0, 0, 0, 1, '2018-11-11 05:42:27', '0000-00-00 00:00:00', 0),
(351370, 10, 136, 0, 0, 0, 1, '2018-11-11 05:42:27', '0000-00-00 00:00:00', 0),
(352233, 11, 1, NULL, 0, 0, 0, '2018-11-25 22:21:46', '0000-00-00 00:00:00', 0),
(352234, 11, 2, NULL, 0, 0, 0, '2018-11-25 22:21:46', '0000-00-00 00:00:00', 0),
(352235, 11, 4, 0, 0, 0, 0, '2018-11-25 22:21:46', '0000-00-00 00:00:00', 0),
(352236, 11, 5, 0, 0, 0, 0, '2018-11-25 22:21:46', '0000-00-00 00:00:00', 0),
(352237, 11, 7, NULL, 0, 0, 0, '2018-11-25 22:21:46', '0000-00-00 00:00:00', 0),
(352238, 11, 8, 0, 0, 0, 1, '2018-11-25 22:21:46', '0000-00-00 00:00:00', 0),
(352239, 11, 9, 0, 0, 0, 0, '2018-11-25 22:21:46', '0000-00-00 00:00:00', 0),
(352240, 11, 10, NULL, 0, 0, 0, '2018-11-25 22:21:46', '0000-00-00 00:00:00', 0),
(352241, 11, 11, 0, 0, 0, 1, '2018-11-25 22:21:46', '0000-00-00 00:00:00', 0),
(352242, 11, 12, 0, 0, 0, 0, '2018-11-25 22:21:46', '0000-00-00 00:00:00', 0),
(352243, 11, 13, NULL, 0, 0, 0, '2018-11-25 22:21:46', '0000-00-00 00:00:00', 0),
(352244, 11, 14, 0, 0, 0, 1, '2018-11-25 22:21:46', '0000-00-00 00:00:00', 0),
(352245, 11, 15, 0, 0, 0, 0, '2018-11-25 22:21:46', '0000-00-00 00:00:00', 0),
(352246, 11, 16, NULL, 0, 0, 0, '2018-11-25 22:21:46', '0000-00-00 00:00:00', 0),
(352247, 11, 17, 0, 0, 0, 0, '2018-11-25 22:21:46', '0000-00-00 00:00:00', 0),
(352248, 11, 44, 0, 0, 0, 0, '2018-11-25 22:21:46', '0000-00-00 00:00:00', 0),
(352249, 11, 45, 0, 0, 0, 0, '2018-11-25 22:21:46', '0000-00-00 00:00:00', 0),
(352250, 11, 46, 0, 0, 0, 0, '2018-11-25 22:21:46', '0000-00-00 00:00:00', 0),
(352251, 11, 48, 0, 0, 0, 0, '2018-11-25 22:21:46', '0000-00-00 00:00:00', 0),
(352252, 11, 49, 0, 0, 0, 0, '2018-11-25 22:21:46', '0000-00-00 00:00:00', 0),
(352253, 11, 50, 0, 0, 0, 0, '2018-11-25 22:21:46', '0000-00-00 00:00:00', 0),
(352254, 11, 51, 0, 0, 0, 0, '2018-11-25 22:21:46', '0000-00-00 00:00:00', 0),
(352255, 11, 52, 0, 0, 0, 0, '2018-11-25 22:21:46', '0000-00-00 00:00:00', 0),
(352256, 11, 53, 0, 0, 0, 0, '2018-11-25 22:21:46', '0000-00-00 00:00:00', 0),
(352257, 11, 54, 0, 0, 0, 0, '2018-11-25 22:21:46', '0000-00-00 00:00:00', 0),
(352258, 11, 55, 0, 0, 0, 0, '2018-11-25 22:21:46', '0000-00-00 00:00:00', 0),
(352259, 11, 56, 0, 0, 0, 0, '2018-11-25 22:21:46', '0000-00-00 00:00:00', 0),
(352260, 11, 57, 0, 0, 0, 0, '2018-11-25 22:21:46', '0000-00-00 00:00:00', 0),
(352261, 11, 60, 0, 0, 0, 0, '2018-11-25 22:21:46', '0000-00-00 00:00:00', 0),
(352262, 11, 94, 0, 0, 0, 0, '2018-11-25 22:21:46', '0000-00-00 00:00:00', 0),
(352263, 11, 24, NULL, 0, 0, 0, '2018-11-25 22:21:46', '0000-00-00 00:00:00', 0),
(352264, 11, 27, 0, 0, 0, 0, '2018-11-25 22:21:46', '0000-00-00 00:00:00', 0),
(352265, 11, 83, 0, 0, 0, 0, '2018-11-25 22:21:46', '0000-00-00 00:00:00', 0),
(352266, 11, 95, 0, 0, 0, 0, '2018-11-25 22:21:46', '0000-00-00 00:00:00', 0),
(352267, 11, 28, NULL, 0, 0, 0, '2018-11-25 22:21:46', '0000-00-00 00:00:00', 0),
(352268, 11, 30, 0, 0, 0, 0, '2018-11-25 22:21:46', '0000-00-00 00:00:00', 0),
(352269, 11, 81, 0, 0, 0, 0, '2018-11-25 22:21:46', '0000-00-00 00:00:00', 0),
(352270, 11, 125, 1, 1, 1, 1, '2018-11-25 22:21:46', '0000-00-00 00:00:00', 0),
(352271, 11, 130, 0, 0, 0, 0, '2018-11-25 22:21:46', '0000-00-00 00:00:00', 0),
(352272, 11, 137, 1, 1, 1, 1, '2018-11-25 22:21:46', '0000-00-00 00:00:00', 0),
(352273, 11, 31, NULL, 0, 0, 0, '2018-11-25 22:21:46', '0000-00-00 00:00:00', 0),
(352274, 11, 32, 1, 1, 1, 1, '2018-11-25 22:21:46', '0000-00-00 00:00:00', 0),
(352275, 11, 33, 1, 1, 1, 1, '2018-11-25 22:21:46', '0000-00-00 00:00:00', 0),
(352276, 11, 34, 1, 1, 1, 1, '2018-11-25 22:21:46', '0000-00-00 00:00:00', 0),
(352277, 11, 35, 1, 1, 1, 1, '2018-11-25 22:21:46', '0000-00-00 00:00:00', 0),
(352278, 11, 36, 1, 1, 1, 1, '2018-11-25 22:21:46', '0000-00-00 00:00:00', 0),
(352279, 11, 93, 1, 1, 1, 1, '2018-11-25 22:21:46', '0000-00-00 00:00:00', 0),
(352280, 11, 121, 1, 1, 1, 1, '2018-11-25 22:21:46', '0000-00-00 00:00:00', 0),
(352281, 11, 128, 1, 1, 1, 1, '2018-11-25 22:21:46', '0000-00-00 00:00:00', 0),
(352282, 11, 129, 1, 1, 1, 1, '2018-11-25 22:21:46', '0000-00-00 00:00:00', 0),
(352283, 11, 37, NULL, 0, 0, 0, '2018-11-25 22:21:46', '0000-00-00 00:00:00', 0),
(352284, 11, 39, 1, 0, 0, 1, '2018-11-25 22:21:46', '0000-00-00 00:00:00', 0),
(352285, 11, 40, 1, 0, 0, 1, '2018-11-25 22:21:46', '0000-00-00 00:00:00', 0),
(352286, 11, 76, 1, 1, 1, 1, '2018-11-25 22:21:46', '0000-00-00 00:00:00', 0),
(352287, 11, 77, 0, 0, 0, 0, '2018-11-25 22:21:46', '0000-00-00 00:00:00', 0),
(352288, 11, 114, 1, 1, 1, 1, '2018-11-25 22:21:46', '0000-00-00 00:00:00', 0),
(352289, 11, 115, 0, 0, 0, 0, '2018-11-25 22:21:46', '0000-00-00 00:00:00', 0),
(352290, 11, 127, 1, 1, 1, 1, '2018-11-25 22:21:46', '0000-00-00 00:00:00', 0),
(352291, 11, 41, NULL, 0, 0, 0, '2018-11-25 22:21:46', '0000-00-00 00:00:00', 0),
(352292, 11, 71, 1, 1, 1, 1, '2018-11-25 22:21:46', '0000-00-00 00:00:00', 0),
(352293, 11, 72, 0, 0, 0, 0, '2018-11-25 22:21:46', '0000-00-00 00:00:00', 0),
(352294, 11, 96, 0, 0, 0, 1, '2018-11-25 22:21:46', '0000-00-00 00:00:00', 0),
(352295, 11, 112, 1, 1, 1, 1, '2018-11-25 22:21:46', '0000-00-00 00:00:00', 0),
(352296, 11, 117, 0, 0, 0, 1, '2018-11-25 22:21:46', '0000-00-00 00:00:00', 0),
(352297, 11, 118, 0, 0, 0, 1, '2018-11-25 22:21:46', '0000-00-00 00:00:00', 0),
(352298, 11, 61, NULL, 0, 0, 0, '2018-11-25 22:21:46', '0000-00-00 00:00:00', 0),
(352299, 11, 43, 0, 0, 0, 1, '2018-11-25 22:21:46', '0000-00-00 00:00:00', 0),
(352300, 11, 62, 0, 0, 0, 0, '2018-11-25 22:21:46', '0000-00-00 00:00:00', 0),
(352301, 11, 87, 0, 0, 0, 1, '2018-11-25 22:21:46', '0000-00-00 00:00:00', 0),
(352302, 11, 89, 0, 0, 0, 1, '2018-11-25 22:21:46', '0000-00-00 00:00:00', 0),
(352303, 11, 90, 0, 0, 0, 1, '2018-11-25 22:21:46', '0000-00-00 00:00:00', 0),
(352304, 11, 116, 0, 0, 0, 1, '2018-11-25 22:21:46', '0000-00-00 00:00:00', 0),
(352305, 11, 64, NULL, 0, 0, 0, '2018-11-25 22:21:46', '0000-00-00 00:00:00', 0),
(352306, 11, 65, 1, 0, 0, 1, '2018-11-25 22:21:46', '0000-00-00 00:00:00', 0),
(352307, 11, 66, 1, 1, 1, 1, '2018-11-25 22:21:46', '0000-00-00 00:00:00', 0),
(352308, 11, 67, 0, 0, 0, 0, '2018-11-25 22:21:46', '0000-00-00 00:00:00', 0),
(352309, 11, 68, 1, 0, 0, 1, '2018-11-25 22:21:46', '0000-00-00 00:00:00', 0),
(352310, 11, 113, 1, 1, 1, 1, '2018-11-25 22:21:46', '0000-00-00 00:00:00', 0),
(352311, 11, 119, 0, 0, 0, 1, '2018-11-25 22:21:46', '0000-00-00 00:00:00', 0),
(352312, 11, 124, 1, 1, 1, 1, '2018-11-25 22:21:46', '0000-00-00 00:00:00', 0),
(352313, 11, 92, NULL, 0, 0, 0, '2018-11-25 22:21:46', '0000-00-00 00:00:00', 0),
(352314, 11, 97, 1, 1, 1, 1, '2018-11-25 22:21:46', '0000-00-00 00:00:00', 0),
(352315, 11, 98, 1, 1, 1, 1, '2018-11-25 22:21:46', '0000-00-00 00:00:00', 0),
(352316, 11, 99, 1, 1, 1, 1, '2018-11-25 22:21:46', '0000-00-00 00:00:00', 0),
(352317, 11, 100, 1, 1, 1, 1, '2018-11-25 22:21:46', '0000-00-00 00:00:00', 0),
(352318, 11, 102, 1, 1, 1, 1, '2018-11-25 22:21:46', '0000-00-00 00:00:00', 0),
(352319, 11, 103, 1, 1, 1, 1, '2018-11-25 22:21:46', '0000-00-00 00:00:00', 0),
(352320, 11, 104, 1, 1, 1, 1, '2018-11-25 22:21:46', '0000-00-00 00:00:00', 0),
(352321, 11, 105, 1, 1, 1, 1, '2018-11-25 22:21:46', '0000-00-00 00:00:00', 0),
(352322, 11, 106, 1, 1, 1, 1, '2018-11-25 22:21:46', '0000-00-00 00:00:00', 0),
(352323, 11, 107, 1, 1, 1, 1, '2018-11-25 22:21:46', '0000-00-00 00:00:00', 0),
(352324, 11, 120, 1, 1, 1, 1, '2018-11-25 22:21:46', '0000-00-00 00:00:00', 0),
(352325, 11, 133, NULL, 0, 0, 0, '2018-11-25 22:21:46', '0000-00-00 00:00:00', 0),
(352326, 11, 134, 0, 0, 0, 1, '2018-11-25 22:21:46', '0000-00-00 00:00:00', 0),
(352327, 11, 135, 0, 0, 0, 1, '2018-11-25 22:21:46', '0000-00-00 00:00:00', 0),
(352328, 11, 136, 0, 0, 0, 1, '2018-11-25 22:21:46', '0000-00-00 00:00:00', 0),
(352933, 2, 1, NULL, 0, 0, 0, '2019-10-06 09:00:22', '0000-00-00 00:00:00', 0),
(352934, 2, 2, NULL, 0, 0, 0, '2019-10-06 09:00:22', '0000-00-00 00:00:00', 0),
(352935, 2, 4, 0, 0, 0, 0, '2019-10-06 09:00:22', '0000-00-00 00:00:00', 0),
(352936, 2, 5, 0, 0, 0, 0, '2019-10-06 09:00:22', '0000-00-00 00:00:00', 0),
(352937, 2, 37, NULL, 0, 0, 0, '2019-10-06 09:00:22', '0000-00-00 00:00:00', 0),
(352938, 2, 76, 0, 0, 0, 0, '2019-10-06 09:00:22', '0000-00-00 00:00:00', 0),
(352939, 2, 41, NULL, 0, 0, 0, '2019-10-06 09:00:22', '0000-00-00 00:00:00', 0),
(352940, 2, 96, 0, 0, 0, 0, '2019-10-06 09:00:22', '0000-00-00 00:00:00', 0),
(352941, 2, 117, 0, 0, 0, 0, '2019-10-06 09:00:22', '0000-00-00 00:00:00', 0),
(352942, 2, 118, 0, 0, 0, 0, '2019-10-06 09:00:22', '0000-00-00 00:00:00', 0),
(352943, 2, 138, 0, 0, 0, 0, '2019-10-06 09:00:22', '0000-00-00 00:00:00', 0),
(352944, 2, 61, NULL, 0, 0, 0, '2019-10-06 09:00:22', '0000-00-00 00:00:00', 0),
(352945, 2, 62, 1, 1, 1, 1, '2019-10-06 09:00:22', '0000-00-00 00:00:00', 0),
(352946, 2, 87, 1, 1, 1, 1, '2019-10-06 09:00:22', '0000-00-00 00:00:00', 0),
(352947, 2, 137, 1, 1, 1, 1, '2019-10-06 09:00:22', '0000-00-00 00:00:00', 0),
(352948, 2, 64, NULL, 0, 0, 0, '2019-10-06 09:00:22', '0000-00-00 00:00:00', 0),
(352949, 2, 65, 0, 0, 0, 0, '2019-10-06 09:00:22', '0000-00-00 00:00:00', 0),
(352950, 2, 152, 0, 0, 0, 0, '2019-10-06 09:00:22', '0000-00-00 00:00:00', 0),
(352951, 2, 140, NULL, 0, 0, 0, '2019-10-06 09:00:22', '0000-00-00 00:00:00', 0),
(352952, 2, 141, 0, 0, 0, 0, '2019-10-06 09:00:22', '0000-00-00 00:00:00', 0),
(352953, 2, 142, 0, 0, 0, 0, '2019-10-06 09:00:22', '0000-00-00 00:00:00', 0),
(352954, 2, 149, 0, 0, 0, 0, '2019-10-06 09:00:22', '0000-00-00 00:00:00', 0),
(352955, 2, 151, 0, 0, 0, 0, '2019-10-06 09:00:22', '0000-00-00 00:00:00', 0),
(352956, 2, 156, 0, 0, 0, 0, '2019-10-06 09:00:22', '0000-00-00 00:00:00', 0),
(352957, 2, 146, NULL, 0, 0, 0, '2019-10-06 09:00:22', '0000-00-00 00:00:00', 0),
(352958, 2, 147, 1, 1, 1, 1, '2019-10-06 09:00:22', '0000-00-00 00:00:00', 0),
(352959, 2, 148, NULL, 0, 0, 0, '2019-10-06 09:00:22', '0000-00-00 00:00:00', 0),
(352960, 2, 139, 0, 0, 0, 0, '2019-10-06 09:00:22', '0000-00-00 00:00:00', 0),
(352961, 2, 153, NULL, 0, 0, 0, '2019-10-06 09:00:22', '0000-00-00 00:00:00', 0),
(352962, 2, 143, 0, 0, 0, 0, '2019-10-06 09:00:22', '0000-00-00 00:00:00', 0),
(352963, 2, 144, 0, 0, 0, 0, '2019-10-06 09:00:22', '0000-00-00 00:00:00', 0),
(352964, 2, 145, 0, 0, 0, 0, '2019-10-06 09:00:22', '0000-00-00 00:00:00', 0),
(352965, 2, 154, 0, 0, 0, 0, '2019-10-06 09:00:22', '0000-00-00 00:00:00', 0),
(352966, 2, 155, 0, 0, 0, 0, '2019-10-06 09:00:22', '0000-00-00 00:00:00', 0),
(352967, 2, 157, NULL, 0, 0, 0, '2019-10-06 09:00:22', '0000-00-00 00:00:00', 0),
(352968, 2, 158, 1, 1, 1, 1, '2019-10-06 09:00:22', '0000-00-00 00:00:00', 0),
(352969, 2, 159, 1, 1, 1, 1, '2019-10-06 09:00:22', '0000-00-00 00:00:00', 0),
(352970, 2, 160, 1, 1, 1, 1, '2019-10-06 09:00:22', '0000-00-00 00:00:00', 0),
(353123, 7, 1, NULL, 0, 0, 0, '2019-10-06 09:59:11', '0000-00-00 00:00:00', 0),
(353124, 7, 2, NULL, 0, 0, 0, '2019-10-06 09:59:11', '0000-00-00 00:00:00', 0),
(353125, 7, 4, 0, 0, 0, 0, '2019-10-06 09:59:11', '0000-00-00 00:00:00', 0),
(353126, 7, 5, 0, 0, 0, 0, '2019-10-06 09:59:11', '0000-00-00 00:00:00', 0),
(353127, 7, 37, NULL, 0, 0, 0, '2019-10-06 09:59:11', '0000-00-00 00:00:00', 0),
(353128, 7, 76, 1, 1, 1, 1, '2019-10-06 09:59:11', '0000-00-00 00:00:00', 0),
(353129, 7, 41, NULL, 0, 0, 0, '2019-10-06 09:59:11', '0000-00-00 00:00:00', 0),
(353130, 7, 96, 0, 0, 0, 0, '2019-10-06 09:59:11', '0000-00-00 00:00:00', 0),
(353131, 7, 117, 1, 1, 1, 1, '2019-10-06 09:59:11', '0000-00-00 00:00:00', 0),
(353132, 7, 118, 0, 0, 0, 0, '2019-10-06 09:59:11', '0000-00-00 00:00:00', 0),
(353133, 7, 138, 0, 0, 0, 0, '2019-10-06 09:59:11', '0000-00-00 00:00:00', 0),
(353134, 7, 61, NULL, 0, 0, 0, '2019-10-06 09:59:11', '0000-00-00 00:00:00', 0),
(353135, 7, 62, 1, 1, 1, 1, '2019-10-06 09:59:11', '0000-00-00 00:00:00', 0),
(353136, 7, 87, 1, 1, 1, 1, '2019-10-06 09:59:11', '0000-00-00 00:00:00', 0),
(353137, 7, 137, 1, 1, 1, 1, '2019-10-06 09:59:11', '0000-00-00 00:00:00', 0),
(353138, 7, 64, NULL, 0, 0, 0, '2019-10-06 09:59:11', '0000-00-00 00:00:00', 0),
(353139, 7, 65, 0, 0, 0, 0, '2019-10-06 09:59:11', '0000-00-00 00:00:00', 0),
(353140, 7, 152, 0, 0, 0, 0, '2019-10-06 09:59:11', '0000-00-00 00:00:00', 0),
(353141, 7, 140, NULL, 0, 0, 0, '2019-10-06 09:59:11', '0000-00-00 00:00:00', 0),
(353142, 7, 141, 0, 0, 0, 0, '2019-10-06 09:59:11', '0000-00-00 00:00:00', 0),
(353143, 7, 142, 0, 0, 0, 0, '2019-10-06 09:59:11', '0000-00-00 00:00:00', 0),
(353144, 7, 149, 0, 0, 0, 0, '2019-10-06 09:59:11', '0000-00-00 00:00:00', 0),
(353145, 7, 151, 0, 0, 0, 0, '2019-10-06 09:59:11', '0000-00-00 00:00:00', 0),
(353146, 7, 156, 0, 0, 0, 0, '2019-10-06 09:59:11', '0000-00-00 00:00:00', 0),
(353147, 7, 146, NULL, 0, 0, 0, '2019-10-06 09:59:11', '0000-00-00 00:00:00', 0),
(353148, 7, 147, 1, 1, 1, 1, '2019-10-06 09:59:11', '0000-00-00 00:00:00', 0),
(353149, 7, 148, NULL, 0, 0, 0, '2019-10-06 09:59:11', '0000-00-00 00:00:00', 0),
(353150, 7, 139, 1, 1, 1, 1, '2019-10-06 09:59:11', '0000-00-00 00:00:00', 0),
(353151, 7, 153, NULL, 0, 0, 0, '2019-10-06 09:59:11', '0000-00-00 00:00:00', 0),
(353152, 7, 143, 0, 0, 0, 0, '2019-10-06 09:59:11', '0000-00-00 00:00:00', 0),
(353153, 7, 144, 0, 0, 0, 0, '2019-10-06 09:59:11', '0000-00-00 00:00:00', 0),
(353154, 7, 145, 0, 0, 0, 0, '2019-10-06 09:59:11', '0000-00-00 00:00:00', 0),
(353155, 7, 154, 0, 0, 0, 0, '2019-10-06 09:59:11', '0000-00-00 00:00:00', 0),
(353156, 7, 155, 0, 0, 0, 0, '2019-10-06 09:59:11', '0000-00-00 00:00:00', 0),
(353157, 7, 157, NULL, 0, 0, 0, '2019-10-06 09:59:11', '0000-00-00 00:00:00', 0),
(353158, 7, 158, 1, 1, 1, 1, '2019-10-06 09:59:11', '0000-00-00 00:00:00', 0),
(353159, 7, 159, 1, 1, 1, 1, '2019-10-06 09:59:11', '0000-00-00 00:00:00', 0),
(353160, 7, 160, 1, 1, 1, 1, '2019-10-06 09:59:11', '0000-00-00 00:00:00', 0),
(353161, 8, 1, 0, 0, 0, 0, '2019-10-14 19:21:20', '0000-00-00 00:00:00', 0),
(353162, 8, 2, 0, 0, 0, 0, '2019-10-14 19:21:20', '0000-00-00 00:00:00', 0),
(353163, 8, 4, 0, 0, 0, 0, '2019-10-14 19:21:20', '0000-00-00 00:00:00', 0),
(353164, 8, 5, 0, 0, 0, 0, '2019-10-14 19:21:20', '0000-00-00 00:00:00', 0),
(353165, 8, 37, 0, 0, 0, 0, '2019-10-14 19:21:20', '0000-00-00 00:00:00', 0),
(353166, 8, 76, 0, 0, 0, 0, '2019-10-14 19:21:20', '0000-00-00 00:00:00', 0),
(353167, 8, 162, 0, 0, 0, 0, '2019-10-14 19:21:20', '0000-00-00 00:00:00', 0),
(353168, 8, 163, 0, 0, 0, 0, '2019-10-14 19:21:20', '0000-00-00 00:00:00', 0),
(353169, 8, 41, 0, 0, 0, 0, '2019-10-14 19:21:20', '0000-00-00 00:00:00', 0),
(353170, 8, 96, 0, 0, 0, 0, '2019-10-14 19:21:20', '0000-00-00 00:00:00', 0),
(353171, 8, 117, 0, 0, 0, 0, '2019-10-14 19:21:20', '0000-00-00 00:00:00', 0),
(353172, 8, 118, 0, 0, 0, 0, '2019-10-14 19:21:20', '0000-00-00 00:00:00', 0),
(353173, 8, 138, 0, 0, 0, 0, '2019-10-14 19:21:20', '0000-00-00 00:00:00', 0),
(353174, 8, 61, 0, 0, 0, 0, '2019-10-14 19:21:20', '0000-00-00 00:00:00', 0),
(353175, 8, 62, 0, 0, 0, 0, '2019-10-14 19:21:20', '0000-00-00 00:00:00', 0),
(353176, 8, 87, 0, 0, 0, 0, '2019-10-14 19:21:20', '0000-00-00 00:00:00', 0),
(353177, 8, 137, 0, 0, 0, 0, '2019-10-14 19:21:20', '0000-00-00 00:00:00', 0),
(353178, 8, 64, 0, 0, 0, 0, '2019-10-14 19:21:20', '0000-00-00 00:00:00', 0),
(353179, 8, 65, 0, 0, 0, 0, '2019-10-14 19:21:20', '0000-00-00 00:00:00', 0),
(353180, 8, 152, 0, 0, 0, 0, '2019-10-14 19:21:20', '0000-00-00 00:00:00', 0),
(353181, 8, 140, 0, 0, 0, 0, '2019-10-14 19:21:20', '0000-00-00 00:00:00', 0),
(353182, 8, 141, 0, 0, 0, 0, '2019-10-14 19:21:20', '0000-00-00 00:00:00', 0),
(353183, 8, 142, 0, 0, 0, 0, '2019-10-14 19:21:20', '0000-00-00 00:00:00', 0),
(353184, 8, 149, 0, 0, 0, 0, '2019-10-14 19:21:20', '0000-00-00 00:00:00', 0),
(353185, 8, 151, 0, 0, 0, 0, '2019-10-14 19:21:20', '0000-00-00 00:00:00', 0),
(353186, 8, 156, 0, 0, 0, 0, '2019-10-14 19:21:20', '0000-00-00 00:00:00', 0),
(353187, 8, 161, 0, 0, 0, 0, '2019-10-14 19:21:20', '0000-00-00 00:00:00', 0),
(353188, 8, 146, 0, 0, 0, 0, '2019-10-14 19:21:20', '0000-00-00 00:00:00', 0),
(353189, 8, 147, 0, 0, 0, 0, '2019-10-14 19:21:20', '0000-00-00 00:00:00', 0),
(353190, 8, 148, 0, 0, 0, 0, '2019-10-14 19:21:20', '0000-00-00 00:00:00', 0),
(353191, 8, 139, 0, 0, 0, 0, '2019-10-14 19:21:20', '0000-00-00 00:00:00', 0),
(353192, 8, 153, 0, 0, 0, 0, '2019-10-14 19:21:20', '0000-00-00 00:00:00', 0),
(353193, 8, 143, 0, 0, 0, 0, '2019-10-14 19:21:20', '0000-00-00 00:00:00', 0),
(353194, 8, 144, 0, 0, 0, 0, '2019-10-14 19:21:20', '0000-00-00 00:00:00', 0),
(353195, 8, 145, 0, 0, 0, 0, '2019-10-14 19:21:20', '0000-00-00 00:00:00', 0),
(353196, 8, 154, 0, 0, 0, 0, '2019-10-14 19:21:20', '0000-00-00 00:00:00', 0),
(353197, 8, 155, 0, 0, 0, 0, '2019-10-14 19:21:20', '0000-00-00 00:00:00', 0),
(353198, 8, 157, 0, 0, 0, 0, '2019-10-14 19:21:20', '0000-00-00 00:00:00', 0),
(353199, 8, 158, 0, 0, 0, 0, '2019-10-14 19:21:20', '0000-00-00 00:00:00', 0),
(353200, 8, 159, 0, 0, 0, 0, '2019-10-14 19:21:20', '0000-00-00 00:00:00', 0),
(353201, 8, 160, 0, 0, 0, 0, '2019-10-14 19:21:20', '0000-00-00 00:00:00', 0),
(353202, 8, 164, 0, 0, 0, 0, '2019-10-14 19:21:20', '0000-00-00 00:00:00', 0),
(353203, 8, 165, 0, 0, 0, 0, '2019-10-14 19:21:20', '0000-00-00 00:00:00', 0),
(353348, 6, 1, NULL, 0, 0, 0, '2019-11-24 01:23:26', '0000-00-00 00:00:00', 0),
(353349, 6, 2, NULL, 0, 0, 0, '2019-11-24 01:23:26', '0000-00-00 00:00:00', 0),
(353350, 6, 4, 1, 1, 1, 1, '2019-11-24 01:23:26', '0000-00-00 00:00:00', 0),
(353351, 6, 5, 1, 1, 1, 1, '2019-11-24 01:23:26', '0000-00-00 00:00:00', 0),
(353352, 6, 37, NULL, 0, 0, 0, '2019-11-24 01:23:26', '0000-00-00 00:00:00', 0),
(353353, 6, 76, 1, 1, 1, 1, '2019-11-24 01:23:26', '0000-00-00 00:00:00', 0),
(353354, 6, 162, 1, 1, 1, 1, '2019-11-24 01:23:26', '0000-00-00 00:00:00', 0),
(353355, 6, 163, 1, 1, 1, 1, '2019-11-24 01:23:26', '0000-00-00 00:00:00', 0),
(353356, 6, 41, NULL, 0, 0, 0, '2019-11-24 01:23:26', '0000-00-00 00:00:00', 0),
(353357, 6, 96, 1, 1, 1, 1, '2019-11-24 01:23:26', '0000-00-00 00:00:00', 0),
(353358, 6, 117, 1, 1, 1, 1, '2019-11-24 01:23:26', '0000-00-00 00:00:00', 0),
(353359, 6, 118, 1, 1, 1, 1, '2019-11-24 01:23:26', '0000-00-00 00:00:00', 0),
(353360, 6, 138, 1, 1, 1, 1, '2019-11-24 01:23:26', '0000-00-00 00:00:00', 0),
(353361, 6, 61, NULL, 0, 0, 0, '2019-11-24 01:23:26', '0000-00-00 00:00:00', 0),
(353362, 6, 62, 1, 1, 1, 1, '2019-11-24 01:23:26', '0000-00-00 00:00:00', 0),
(353363, 6, 87, 1, 1, 1, 1, '2019-11-24 01:23:26', '0000-00-00 00:00:00', 0),
(353364, 6, 137, 1, 1, 1, 1, '2019-11-24 01:23:26', '0000-00-00 00:00:00', 0),
(353365, 6, 64, NULL, 0, 0, 0, '2019-11-24 01:23:26', '0000-00-00 00:00:00', 0),
(353366, 6, 65, 1, 1, 1, 1, '2019-11-24 01:23:26', '0000-00-00 00:00:00', 0),
(353367, 6, 152, 1, 1, 1, 1, '2019-11-24 01:23:26', '0000-00-00 00:00:00', 0),
(353368, 6, 140, NULL, 0, 0, 0, '2019-11-24 01:23:26', '0000-00-00 00:00:00', 0),
(353369, 6, 141, 1, 1, 1, 1, '2019-11-24 01:23:26', '0000-00-00 00:00:00', 0),
(353370, 6, 142, 1, 1, 1, 1, '2019-11-24 01:23:26', '0000-00-00 00:00:00', 0),
(353371, 6, 149, 1, 1, 1, 1, '2019-11-24 01:23:26', '0000-00-00 00:00:00', 0),
(353372, 6, 151, 1, 1, 1, 1, '2019-11-24 01:23:26', '0000-00-00 00:00:00', 0),
(353373, 6, 156, 1, 1, 1, 1, '2019-11-24 01:23:26', '0000-00-00 00:00:00', 0),
(353374, 6, 161, 1, 1, 1, 1, '2019-11-24 01:23:26', '0000-00-00 00:00:00', 0),
(353375, 6, 166, 1, 1, 1, 1, '2019-11-24 01:23:26', '0000-00-00 00:00:00', 0),
(353376, 6, 146, NULL, 0, 0, 0, '2019-11-24 01:23:26', '0000-00-00 00:00:00', 0),
(353377, 6, 147, 1, 1, 1, 1, '2019-11-24 01:23:26', '0000-00-00 00:00:00', 0),
(353378, 6, 148, NULL, 0, 0, 0, '2019-11-24 01:23:26', '0000-00-00 00:00:00', 0),
(353379, 6, 139, 1, 1, 1, 1, '2019-11-24 01:23:26', '0000-00-00 00:00:00', 0),
(353380, 6, 153, NULL, 0, 0, 0, '2019-11-24 01:23:26', '0000-00-00 00:00:00', 0),
(353381, 6, 143, 1, 1, 1, 1, '2019-11-24 01:23:26', '0000-00-00 00:00:00', 0),
(353382, 6, 144, 1, 1, 1, 1, '2019-11-24 01:23:26', '0000-00-00 00:00:00', 0),
(353383, 6, 145, 1, 1, 1, 1, '2019-11-24 01:23:26', '0000-00-00 00:00:00', 0),
(353384, 6, 154, 1, 1, 1, 1, '2019-11-24 01:23:26', '0000-00-00 00:00:00', 0),
(353385, 6, 155, 1, 1, 1, 1, '2019-11-24 01:23:26', '0000-00-00 00:00:00', 0),
(353386, 6, 157, NULL, 0, 0, 0, '2019-11-24 01:23:26', '0000-00-00 00:00:00', 0),
(353387, 6, 158, 1, 1, 1, 1, '2019-11-24 01:23:26', '0000-00-00 00:00:00', 0),
(353388, 6, 159, 1, 1, 1, 1, '2019-11-24 01:23:26', '0000-00-00 00:00:00', 0),
(353389, 6, 160, 1, 1, 1, 1, '2019-11-24 01:23:26', '0000-00-00 00:00:00', 0),
(353390, 6, 167, NULL, 0, 0, 0, '2019-11-24 01:23:26', '0000-00-00 00:00:00', 0),
(353391, 6, 168, 1, 1, 1, 1, '2019-11-24 01:23:26', '0000-00-00 00:00:00', 0),
(353392, 6, 169, NULL, 0, 0, 0, '2019-11-24 01:23:26', '0000-00-00 00:00:00', 0),
(353393, 6, 170, 1, 1, 1, 1, '2019-11-24 01:23:26', '0000-00-00 00:00:00', 0),
(353394, 6, 171, 1, 1, 1, 1, '2019-11-24 01:23:26', '0000-00-00 00:00:00', 0),
(353395, 6, 172, 1, 1, 1, 1, '2019-11-24 01:23:26', '0000-00-00 00:00:00', 0),
(353396, 5, 1, NULL, 0, 0, 0, '2019-11-24 01:24:42', '0000-00-00 00:00:00', 0),
(353397, 5, 2, NULL, 0, 0, 0, '2019-11-24 01:24:42', '0000-00-00 00:00:00', 0),
(353398, 5, 4, 0, 0, 0, 0, '2019-11-24 01:24:42', '0000-00-00 00:00:00', 0),
(353399, 5, 5, 0, 0, 0, 0, '2019-11-24 01:24:42', '0000-00-00 00:00:00', 0),
(353400, 5, 37, NULL, 0, 0, 0, '2019-11-24 01:24:42', '0000-00-00 00:00:00', 0),
(353401, 5, 76, 1, 1, 1, 1, '2019-11-24 01:24:42', '0000-00-00 00:00:00', 0),
(353402, 5, 162, 0, 0, 0, 0, '2019-11-24 01:24:42', '0000-00-00 00:00:00', 0),
(353403, 5, 163, 0, 0, 0, 0, '2019-11-24 01:24:42', '0000-00-00 00:00:00', 0),
(353404, 5, 41, NULL, 0, 0, 0, '2019-11-24 01:24:42', '0000-00-00 00:00:00', 0),
(353405, 5, 96, 0, 0, 0, 0, '2019-11-24 01:24:42', '0000-00-00 00:00:00', 0),
(353406, 5, 117, 0, 0, 0, 0, '2019-11-24 01:24:42', '0000-00-00 00:00:00', 0),
(353407, 5, 118, 0, 0, 0, 0, '2019-11-24 01:24:42', '0000-00-00 00:00:00', 0),
(353408, 5, 138, 0, 0, 0, 0, '2019-11-24 01:24:42', '0000-00-00 00:00:00', 0),
(353409, 5, 61, NULL, 0, 0, 0, '2019-11-24 01:24:42', '0000-00-00 00:00:00', 0),
(353410, 5, 62, 1, 1, 1, 1, '2019-11-24 01:24:42', '0000-00-00 00:00:00', 0),
(353411, 5, 87, 1, 1, 1, 1, '2019-11-24 01:24:42', '0000-00-00 00:00:00', 0),
(353412, 5, 137, 0, 0, 0, 0, '2019-11-24 01:24:42', '0000-00-00 00:00:00', 0),
(353413, 5, 64, NULL, 0, 0, 0, '2019-11-24 01:24:42', '0000-00-00 00:00:00', 0),
(353414, 5, 65, 1, 1, 1, 1, '2019-11-24 01:24:42', '0000-00-00 00:00:00', 0),
(353415, 5, 152, 0, 0, 0, 0, '2019-11-24 01:24:42', '0000-00-00 00:00:00', 0),
(353416, 5, 140, NULL, 0, 0, 0, '2019-11-24 01:24:42', '0000-00-00 00:00:00', 0),
(353417, 5, 141, 0, 0, 0, 0, '2019-11-24 01:24:42', '0000-00-00 00:00:00', 0),
(353418, 5, 142, 0, 0, 0, 0, '2019-11-24 01:24:42', '0000-00-00 00:00:00', 0),
(353419, 5, 149, 0, 0, 0, 0, '2019-11-24 01:24:42', '0000-00-00 00:00:00', 0),
(353420, 5, 151, 0, 0, 0, 0, '2019-11-24 01:24:42', '0000-00-00 00:00:00', 0),
(353421, 5, 156, 0, 0, 0, 0, '2019-11-24 01:24:42', '0000-00-00 00:00:00', 0),
(353422, 5, 161, 0, 0, 0, 0, '2019-11-24 01:24:42', '0000-00-00 00:00:00', 0),
(353423, 5, 166, 0, 0, 0, 0, '2019-11-24 01:24:42', '0000-00-00 00:00:00', 0),
(353424, 5, 146, NULL, 0, 0, 0, '2019-11-24 01:24:42', '0000-00-00 00:00:00', 0),
(353425, 5, 147, 0, 0, 0, 0, '2019-11-24 01:24:42', '0000-00-00 00:00:00', 0),
(353426, 5, 148, NULL, 0, 0, 0, '2019-11-24 01:24:42', '0000-00-00 00:00:00', 0),
(353427, 5, 139, 0, 0, 0, 0, '2019-11-24 01:24:42', '0000-00-00 00:00:00', 0),
(353428, 5, 153, NULL, 0, 0, 0, '2019-11-24 01:24:42', '0000-00-00 00:00:00', 0),
(353429, 5, 143, 0, 0, 0, 0, '2019-11-24 01:24:42', '0000-00-00 00:00:00', 0),
(353430, 5, 144, 0, 0, 0, 0, '2019-11-24 01:24:42', '0000-00-00 00:00:00', 0),
(353431, 5, 145, 0, 0, 0, 0, '2019-11-24 01:24:42', '0000-00-00 00:00:00', 0),
(353432, 5, 154, 0, 0, 0, 0, '2019-11-24 01:24:42', '0000-00-00 00:00:00', 0),
(353433, 5, 155, 0, 0, 0, 0, '2019-11-24 01:24:42', '0000-00-00 00:00:00', 0),
(353434, 5, 157, NULL, 0, 0, 0, '2019-11-24 01:24:42', '0000-00-00 00:00:00', 0),
(353435, 5, 158, 0, 0, 0, 0, '2019-11-24 01:24:42', '0000-00-00 00:00:00', 0),
(353436, 5, 159, 0, 0, 0, 0, '2019-11-24 01:24:42', '0000-00-00 00:00:00', 0),
(353437, 5, 160, 0, 0, 0, 0, '2019-11-24 01:24:42', '0000-00-00 00:00:00', 0),
(353438, 5, 167, NULL, 0, 0, 0, '2019-11-24 01:24:42', '0000-00-00 00:00:00', 0),
(353439, 5, 168, 0, 0, 0, 0, '2019-11-24 01:24:42', '0000-00-00 00:00:00', 0),
(353440, 5, 169, NULL, 0, 0, 0, '2019-11-24 01:24:42', '0000-00-00 00:00:00', 0),
(353441, 5, 170, 0, 0, 0, 0, '2019-11-24 01:24:42', '0000-00-00 00:00:00', 0),
(353442, 5, 171, 0, 0, 0, 0, '2019-11-24 01:24:42', '0000-00-00 00:00:00', 0),
(353443, 5, 172, 0, 0, 0, 0, '2019-11-24 01:24:42', '0000-00-00 00:00:00', 0);

-- --------------------------------------------------------

--
-- Table structure for table `user_access_records`
--

CREATE TABLE `user_access_records` (
  `id` int(10) NOT NULL,
  `user_id` int(11) NOT NULL,
  `login_time` varchar(20) NOT NULL,
  `logout_time` varchar(20) NOT NULL,
  `date` varchar(20) NOT NULL,
  `access_ip` varchar(20) NOT NULL,
  `random_number` varchar(20) NOT NULL
) ENGINE=InnoDB DEFAULT CHARSET=latin1;

-- --------------------------------------------------------

--
-- Table structure for table `user_login_attempt`
--

CREATE TABLE `user_login_attempt` (
  `id` int(11) NOT NULL,
  `ip_address` varchar(20) NOT NULL,
  `attempt_name` varchar(120) NOT NULL,
  `login_status` varchar(10) NOT NULL,
  `attempt_time` varchar(20) NOT NULL,
  `attempt_date` varchar(20) NOT NULL,
  `attempt_day` varchar(30) NOT NULL
) ENGINE=InnoDB DEFAULT CHARSET=latin1;

--
-- Dumping data for table `user_login_attempt`
--

INSERT INTO `user_login_attempt` (`id`, `ip_address`, `attempt_name`, `login_status`, `attempt_time`, `attempt_date`, `attempt_day`) VALUES
(1, '202.191.127.220', 'Not Found', 'Failed', '05:54:05 PM', '2018-10-17', 'Wednesday'),
(2, '202.126.123.153', 'Admin Baliadangi', 'Success', '05:54:35 PM', '2018-10-17', 'Wednesday'),
(3, '202.126.123.153', 'Admin Admin', 'Success', '06:29:24 PM', '2018-10-17', 'Wednesday'),
(4, '202.191.127.220', 'Admin Admin', 'Success', '06:42:39 PM', '2018-10-17', 'Wednesday'),
(5, '202.126.123.153', 'Admin Baliadangi', 'Success', '06:43:17 PM', '2018-10-17', 'Wednesday'),
(6, '202.126.123.153', 'Admin Baliadangi', 'Success', '06:51:50 PM', '2018-10-17', 'Wednesday'),
(7, '202.191.127.220', 'Admin Admin', 'Success', '08:15:10 PM', '2018-10-17', 'Wednesday'),
(8, '202.191.127.220', 'Admin Admin', 'Success', '08:51:31 PM', '2018-10-17', 'Wednesday'),
(9, '202.126.123.153', 'Admin Baliadangi', 'Success', '09:16:33 PM', '2018-10-17', 'Wednesday'),
(10, '202.191.127.220', 'Admin Admin', 'Success', '12:32:11 PM', '2018-10-18', 'Thursday'),
(11, '202.191.127.220', 'Admin Admin', 'Success', '01:13:59 PM', '2018-10-18', 'Thursday'),
(12, '202.191.127.220', 'Raju Ahmed', 'Success', '06:23:34 PM', '2018-10-18', 'Thursday'),
(13, '202.191.127.220', 'Admin Admin', 'Success', '06:43:04 PM', '2018-10-18', 'Thursday'),
(14, '202.191.127.220', 'Thakurgaon District', 'Success', '07:02:50 PM', '2018-10-18', 'Thursday'),
(15, '202.191.127.220', 'Admin Admin', 'Success', '07:03:10 PM', '2018-10-18', 'Thursday'),
(16, '202.191.127.220', 'Md. Liaz Mahamud', 'Success', '07:11:33 PM', '2018-10-18', 'Thursday'),
(17, '202.191.127.220', 'Admin Admin', 'Success', '07:17:49 PM', '2018-10-18', 'Thursday'),
(18, '202.191.127.220', 'Md. Liaz Mahamud', 'Success', '07:18:56 PM', '2018-10-18', 'Thursday'),
(19, '202.191.127.220', 'Admin Admin', 'Success', '07:19:15 PM', '2018-10-18', 'Thursday'),
(20, '202.191.127.220', 'Md. Liaz Mahamud', 'Success', '07:21:07 PM', '2018-10-18', 'Thursday'),
(21, '202.191.127.220', 'Admin Admin', 'Success', '07:22:48 PM', '2018-10-18', 'Thursday'),
(22, '202.191.127.220', 'Thakurgaon District', 'Success', '07:23:27 PM', '2018-10-18', 'Thursday'),
(23, '202.191.127.220', 'Md. Abdul Mannan', 'Success', '07:25:33 PM', '2018-10-18', 'Thursday'),
(24, '202.191.127.220', 'Admin Admin', 'Success', '07:28:18 PM', '2018-10-18', 'Thursday'),
(25, '202.191.127.220', 'Md. Liaz Mahamud', 'Success', '07:28:56 PM', '2018-10-18', 'Thursday'),
(26, '202.191.127.220', 'Admin Admin', 'Success', '07:29:20 PM', '2018-10-18', 'Thursday'),
(27, '202.191.127.220', 'Thakurgaon District', 'Success', '07:29:46 PM', '2018-10-18', 'Thursday'),
(28, '202.191.127.220', 'Admin Admin', 'Success', '07:33:10 PM', '2018-10-18', 'Thursday'),
(29, '103.230.106.45', 'Not Found', 'Failed', '06:22:52 PM', '2018-10-19', 'Friday'),
(30, '103.230.106.45', 'Admin Admin', 'Success', '06:23:11 PM', '2018-10-19', 'Friday'),
(31, '103.77.60.42', 'Admin Baliadangi', 'Success', '06:24:51 PM', '2018-10-19', 'Friday'),
(32, '103.230.104.38', 'Admin Admin', 'Success', '12:17:20 AM', '2018-10-21', 'Sunday'),
(33, '202.126.123.153', 'Not Found', 'Failed', '10:49:23 AM', '2018-10-21', 'Sunday'),
(34, '202.126.123.153', 'Admin Admin', 'Success', '10:49:35 AM', '2018-10-21', 'Sunday'),
(35, '202.191.127.220', 'Admin Admin', 'Success', '10:50:19 AM', '2018-10-21', 'Sunday'),
(36, '202.126.123.153', 'Admin Baliadangi', 'Success', '10:51:24 AM', '2018-10-21', 'Sunday'),
(37, '202.191.127.220', 'Admin Baliadangi', 'Success', '10:56:49 AM', '2018-10-21', 'Sunday'),
(38, '202.126.123.153', 'MD Shafiqul Islam', 'Success', '11:05:02 AM', '2018-10-21', 'Sunday'),
(39, '202.191.127.220', 'MD Shafiqul Islam', 'Success', '11:07:09 AM', '2018-10-21', 'Sunday'),
(40, '202.126.123.153', 'Admin Baliadangi', 'Success', '11:26:24 AM', '2018-10-21', 'Sunday'),
(41, '202.126.123.153', 'MD Shafiqul Islam', 'Success', '11:26:57 AM', '2018-10-21', 'Sunday'),
(42, '202.126.123.153', 'Adesh Roy', 'Success', '11:27:25 AM', '2018-10-21', 'Sunday'),
(43, '202.191.127.220', 'Admin Admin', 'Success', '11:29:12 AM', '2018-10-21', 'Sunday'),
(44, '202.191.127.220', 'MD Shafiqul Islam', 'Success', '11:30:57 AM', '2018-10-21', 'Sunday'),
(45, '202.191.127.220', 'Admin Admin', 'Success', '11:31:09 AM', '2018-10-21', 'Sunday'),
(46, '202.191.127.220', 'MD Shafiqul Islam', 'Success', '11:32:38 AM', '2018-10-21', 'Sunday'),
(47, '202.191.127.220', 'Admin Admin', 'Success', '11:34:59 AM', '2018-10-21', 'Sunday'),
(48, '202.191.127.220', 'Admin Admin', 'Success', '11:35:11 AM', '2018-10-21', 'Sunday'),
(49, '202.191.127.220', 'MD Shafiqul Islam', 'Success', '11:35:29 AM', '2018-10-21', 'Sunday'),
(50, '202.191.127.220', 'Adesh Roy', 'Success', '11:36:27 AM', '2018-10-21', 'Sunday'),
(51, '202.191.127.220', 'Admin Admin', 'Success', '11:36:44 AM', '2018-10-21', 'Sunday'),
(52, '202.191.127.220', 'ABM Sajedul Islam', 'Success', '11:37:12 AM', '2018-10-21', 'Sunday'),
(53, '202.191.127.220', 'Admin Admin', 'Success', '11:45:15 AM', '2018-10-21', 'Sunday'),
(54, '202.191.127.220', 'MD Shafiqul Islam', 'Success', '11:45:31 AM', '2018-10-21', 'Sunday'),
(55, '202.191.127.220', 'MD Shafiqul Islam', 'Success', '12:01:21 PM', '2018-10-21', 'Sunday'),
(56, '202.191.127.220', 'Admin Admin', 'Success', '12:02:09 PM', '2018-10-21', 'Sunday'),
(57, '202.191.127.220', 'ABM Sajedul Islam', 'Success', '12:02:33 PM', '2018-10-21', 'Sunday'),
(58, '202.191.127.220', 'MD Shafiqul Islam', 'Success', '12:02:50 PM', '2018-10-21', 'Sunday'),
(59, '202.126.123.153', 'Adesh Roy', 'Success', '12:04:00 PM', '2018-10-21', 'Sunday'),
(60, '202.126.123.153', 'MD Shafiqul Islam', 'Success', '12:04:57 PM', '2018-10-21', 'Sunday'),
(61, '202.191.127.220', 'Admin Admin', 'Success', '12:05:39 PM', '2018-10-21', 'Sunday'),
(62, '202.126.123.153', 'Admin Baliadangi', 'Success', '12:29:12 PM', '2018-10-21', 'Sunday'),
(63, '202.191.127.220', 'Admin Baliadangi', 'Success', '02:06:30 PM', '2018-10-21', 'Sunday'),
(64, '202.191.127.220', 'Admin Admin', 'Success', '02:09:59 PM', '2018-10-21', 'Sunday'),
(65, '202.191.127.220', 'Admin Baliadangi', 'Success', '02:10:56 PM', '2018-10-21', 'Sunday'),
(66, '202.191.127.220', 'Admin Baliadangi', 'Success', '02:18:29 PM', '2018-10-21', 'Sunday'),
(67, '202.191.127.220', 'Admin Admin', 'Success', '02:19:42 PM', '2018-10-21', 'Sunday'),
(68, '202.191.127.220', 'Admin Admin', 'Success', '02:20:29 PM', '2018-10-21', 'Sunday'),
(69, '202.191.127.220', 'Admin Baliadangi', 'Success', '02:21:17 PM', '2018-10-21', 'Sunday'),
(70, '202.191.127.220', 'Admin Admin', 'Success', '02:22:03 PM', '2018-10-21', 'Sunday'),
(71, '202.191.127.220', 'Admin Baliadangi', 'Success', '02:24:56 PM', '2018-10-21', 'Sunday'),
(72, '202.191.127.220', 'Admin Admin', 'Success', '02:25:38 PM', '2018-10-21', 'Sunday'),
(73, '202.191.127.220', 'Admin Baliadangi', 'Success', '02:30:08 PM', '2018-10-21', 'Sunday'),
(74, '202.191.127.220', 'Admin Admin', 'Success', '02:31:49 PM', '2018-10-21', 'Sunday'),
(75, '202.191.127.220', 'Admin Baliadangi', 'Success', '02:33:50 PM', '2018-10-21', 'Sunday'),
(76, '202.126.123.153', 'Adesh Roy', 'Success', '03:25:54 PM', '2018-10-21', 'Sunday'),
(77, '202.126.123.153', 'MD Shafiqul Islam', 'Success', '03:32:54 PM', '2018-10-21', 'Sunday'),
(78, '202.126.123.153', 'Admin Baliadangi', 'Success', '03:33:41 PM', '2018-10-21', 'Sunday'),
(79, '202.126.123.153', 'Admin Admin', 'Success', '03:37:43 PM', '2018-10-21', 'Sunday'),
(80, '202.126.123.153', 'Md. Liaz Mahamud', 'Success', '04:45:29 PM', '2018-10-21', 'Sunday'),
(81, '202.126.123.153', 'Md. Abdur Rahman', 'Success', '05:15:53 PM', '2018-10-21', 'Sunday'),
(82, '202.126.123.153', 'Md. Liaz Mahamud', 'Success', '05:16:39 PM', '2018-10-21', 'Sunday'),
(83, '202.126.123.153', 'Md. Abu Belal Siddik', 'Success', '06:19:51 PM', '2018-10-21', 'Sunday'),
(84, '202.126.123.153', 'Md. Abdur Rahman', 'Success', '06:21:54 PM', '2018-10-21', 'Sunday'),
(85, '202.126.123.153', 'Md. Abdul Mannan', 'Success', '06:22:36 PM', '2018-10-21', 'Sunday'),
(86, '202.126.123.153', 'Md Shamsul Alam', 'Success', '06:24:20 PM', '2018-10-21', 'Sunday'),
(87, '202.126.123.153', 'Md Masudur Rahman', 'Success', '06:25:06 PM', '2018-10-21', 'Sunday'),
(88, '202.126.123.153', 'Md Abdur Rahim', 'Success', '06:26:40 PM', '2018-10-21', 'Sunday'),
(89, '202.126.123.153', 'Dr. Md. Firoj Zamal', 'Success', '06:28:05 PM', '2018-10-21', 'Sunday'),
(90, '202.126.123.153', 'ABM Sajedul Islam', 'Success', '06:28:50 PM', '2018-10-21', 'Sunday'),
(91, '202.126.123.153', 'Md. Liaz Mahamud', 'Success', '06:48:03 PM', '2018-10-21', 'Sunday'),
(92, '202.126.123.153', 'ABM Sajedul Islam', 'Success', '06:51:29 PM', '2018-10-21', 'Sunday'),
(93, '202.126.123.153', 'Md. Liaz Mahamud', 'Success', '06:53:18 PM', '2018-10-21', 'Sunday'),
(94, '202.126.123.153', 'Md. Liaz Mahamud', 'Success', '06:53:24 PM', '2018-10-21', 'Sunday'),
(95, '202.126.123.153', 'Md. Abdur Rahman', 'Success', '06:55:25 PM', '2018-10-21', 'Sunday'),
(96, '202.126.123.153', 'Admin Baliadangi', 'Success', '07:05:33 PM', '2018-10-21', 'Sunday'),
(97, '202.126.123.153', 'Admin Baliadangi', 'Success', '07:07:26 PM', '2018-10-21', 'Sunday'),
(98, '202.126.123.153', 'Md. Sofiqul Islam', 'Success', '07:13:37 PM', '2018-10-21', 'Sunday'),
(99, '202.126.123.153', 'Admin Admin', 'Success', '07:30:02 PM', '2018-10-21', 'Sunday'),
(100, '202.126.123.153', 'Admin Admin', 'Success', '07:41:24 PM', '2018-10-21', 'Sunday'),
(101, '202.126.123.153', 'Md. Abdur Rahman', 'Success', '07:44:26 PM', '2018-10-21', 'Sunday'),
(102, '202.126.123.153', 'Md. Abdur Rahman', 'Success', '07:44:42 PM', '2018-10-21', 'Sunday'),
(103, '202.126.123.153', 'Admin Admin', 'Success', '08:07:58 PM', '2018-10-21', 'Sunday'),
(104, '202.126.123.153', 'Admin Baliadangi', 'Success', '08:08:15 PM', '2018-10-21', 'Sunday'),
(105, '202.126.123.153', 'ABM Sajedul Islam', 'Success', '08:10:35 PM', '2018-10-21', 'Sunday'),
(106, '202.126.123.153', 'Admin Admin', 'Success', '08:10:50 PM', '2018-10-21', 'Sunday'),
(107, '202.126.123.153', 'Adesh Roy', 'Success', '08:11:36 PM', '2018-10-21', 'Sunday'),
(108, '202.126.123.153', 'Admin Admin', 'Success', '08:11:47 PM', '2018-10-21', 'Sunday'),
(109, '202.126.123.153', 'Md. Sofiqul Islam', 'Success', '08:20:29 PM', '2018-10-21', 'Sunday'),
(110, '202.126.123.153', 'Admin Baliadangi', 'Success', '08:23:08 PM', '2018-10-21', 'Sunday'),
(111, '45.64.132.225', 'Not Found', 'Failed', '09:49:58 AM', '2018-10-22', 'Monday'),
(112, '45.64.132.225', 'Admin Baliadangi', 'Success', '09:50:10 AM', '2018-10-22', 'Monday'),
(113, '45.64.132.225', 'Md. Liaz Mahamud', 'Success', '09:52:11 AM', '2018-10-22', 'Monday'),
(114, '45.64.132.225', 'Not Found', 'Failed', '09:57:25 AM', '2018-10-22', 'Monday'),
(115, '45.64.132.225', 'Not Found', 'Failed', '09:57:42 AM', '2018-10-22', 'Monday'),
(116, '45.64.132.225', 'Not Found', 'Failed', '09:57:53 AM', '2018-10-22', 'Monday'),
(117, '45.64.132.225', 'Not Found', 'Failed', '09:58:18 AM', '2018-10-22', 'Monday'),
(118, '45.64.132.225', 'Not Found', 'Failed', '09:58:39 AM', '2018-10-22', 'Monday'),
(119, '45.64.132.225', 'Not Found', 'Failed', '09:59:08 AM', '2018-10-22', 'Monday'),
(120, '45.64.132.225', 'Not Found', 'Failed', '09:59:29 AM', '2018-10-22', 'Monday'),
(121, '45.64.132.225', 'Not Found', 'Failed', '09:59:56 AM', '2018-10-22', 'Monday'),
(122, '45.64.132.225', 'Not Found', 'Failed', '10:01:18 AM', '2018-10-22', 'Monday'),
(123, '45.64.132.225', 'Not Found', 'Failed', '10:01:43 AM', '2018-10-22', 'Monday'),
(124, '45.64.132.225', 'Md. Liaz Mahamud', 'Success', '10:02:08 AM', '2018-10-22', 'Monday'),
(125, '45.64.132.225', 'Admin Admin', 'Success', '10:06:30 AM', '2018-10-22', 'Monday'),
(126, '45.64.132.225', 'Not Found', 'Failed', '10:07:46 AM', '2018-10-22', 'Monday'),
(127, '45.64.132.225', 'Md. Liaz Mahamud', 'Success', '10:08:02 AM', '2018-10-22', 'Monday'),
(128, '45.64.132.225', 'Md. Liaz Mahamud', 'Failed', '10:14:17 AM', '2018-10-22', 'Monday'),
(129, '45.64.132.225', 'Admin Baliadangi', 'Success', '10:14:39 AM', '2018-10-22', 'Monday'),
(130, '45.64.132.225', 'Md. Liaz Mahamud', 'Success', '10:17:55 AM', '2018-10-22', 'Monday'),
(131, '45.64.132.225', 'Md Masudur Rahman', 'Success', '10:18:51 AM', '2018-10-22', 'Monday'),
(132, '45.64.132.225', 'Md Masudur Rahman', 'Success', '10:18:51 AM', '2018-10-22', 'Monday'),
(133, '45.64.132.225', 'Md. Sofiqul Islam', 'Success', '10:29:19 AM', '2018-10-22', 'Monday'),
(134, '45.64.132.225', 'Md. Abdur Rahman', 'Success', '12:01:05 PM', '2018-10-22', 'Monday'),
(135, '45.64.132.225', 'Md Masudur Rahman', 'Success', '12:47:39 PM', '2018-10-22', 'Monday'),
(136, '45.64.132.225', 'Not Found', 'Failed', '12:52:02 PM', '2018-10-22', 'Monday'),
(137, '45.64.132.225', 'Adesh Roy', 'Success', '12:52:20 PM', '2018-10-22', 'Monday'),
(138, '119.30.39.234', 'Admin Baliadangi', 'Success', '01:10:54 PM', '2018-10-22', 'Monday'),
(139, '103.230.104.49', 'Admin Admin', 'Success', '04:27:05 PM', '2018-10-22', 'Monday'),
(140, '103.230.104.49', 'Md. Abu Taleb', 'Success', '04:34:16 PM', '2018-10-22', 'Monday'),
(141, '103.230.104.49', 'Admin Admin', 'Success', '04:35:21 PM', '2018-10-22', 'Monday'),
(142, '103.230.104.49', 'Admin Admin', 'Success', '04:37:11 PM', '2018-10-22', 'Monday'),
(143, '103.230.104.49', 'Admin Admin', 'Success', '04:38:28 PM', '2018-10-22', 'Monday'),
(144, '103.230.104.49', 'Md. Abu Taleb', 'Success', '04:45:10 PM', '2018-10-22', 'Monday'),
(145, '103.230.104.49', 'Md. Khatibur Rahman', 'Success', '04:46:10 PM', '2018-10-22', 'Monday'),
(146, '103.230.104.49', 'Md. Sofiqul Islam', 'Success', '04:49:47 PM', '2018-10-22', 'Monday'),
(147, '103.230.104.49', 'MD. KUSUM UDDIN', 'Success', '04:53:10 PM', '2018-10-22', 'Monday'),
(148, '103.230.104.49', 'Md. Mosharaf Hossain', 'Success', '05:11:37 PM', '2018-10-22', 'Monday'),
(149, '103.230.104.49', 'Suvas Chandra Ghoosh', 'Success', '05:24:40 PM', '2018-10-22', 'Monday'),
(150, '202.191.127.220', 'Admin Admin', 'Success', '01:33:46 PM', '2018-10-23', 'Tuesday'),
(151, '202.191.127.220', 'Md. Sofiqul Islam', 'Success', '01:35:22 PM', '2018-10-23', 'Tuesday'),
(152, '202.191.127.220', 'Admin Admin', 'Success', '01:30:17 PM', '2018-10-24', 'Wednesday'),
(153, '202.191.127.220', 'Md. Abu Taleb', 'Success', '01:31:14 PM', '2018-10-24', 'Wednesday'),
(154, '202.191.127.220', 'Md. Khatibur Rahman', 'Success', '01:31:55 PM', '2018-10-24', 'Wednesday'),
(155, '202.191.127.220', 'Md. Nazrul Islam', 'Success', '01:32:23 PM', '2018-10-24', 'Wednesday'),
(156, '202.191.127.220', 'MD. FAIZUL ISLAM', 'Success', '01:32:53 PM', '2018-10-24', 'Wednesday'),
(157, '202.191.127.220', 'Md. Amirul Islam', 'Success', '01:33:47 PM', '2018-10-24', 'Wednesday'),
(158, '202.191.127.220', 'MD. MAKHSADUR RAHMAN', 'Success', '01:34:14 PM', '2018-10-24', 'Wednesday'),
(159, '202.191.127.220', 'Md. Abul Kasem', 'Success', '01:34:39 PM', '2018-10-24', 'Wednesday'),
(160, '202.191.127.220', 'Md. Mesbahul Islam', 'Success', '01:35:05 PM', '2018-10-24', 'Wednesday'),
(161, '202.191.127.220', 'Md. Abu Taleb', 'Success', '01:36:01 PM', '2018-10-24', 'Wednesday'),
(162, '202.191.127.220', 'Md. Mesbahul Islam', 'Success', '01:41:06 PM', '2018-10-24', 'Wednesday'),
(163, '202.191.127.220', 'Admin Admin', 'Success', '01:55:01 PM', '2018-10-24', 'Wednesday'),
(164, '202.191.127.220', 'Md. Liaz Mahamud', 'Success', '01:56:13 PM', '2018-10-24', 'Wednesday'),
(165, '202.191.127.220', 'Md. Liaz Mahamud', 'Success', '01:57:50 PM', '2018-10-24', 'Wednesday'),
(166, '202.191.127.220', 'Admin Admin', 'Success', '02:13:43 PM', '2018-10-24', 'Wednesday'),
(167, '202.191.127.220', 'Md. Sofiqul Islam', 'Success', '02:14:53 PM', '2018-10-24', 'Wednesday'),
(168, '202.191.127.220', 'Admin Admin', 'Success', '02:27:45 PM', '2018-10-24', 'Wednesday'),
(169, '202.126.123.153', 'Not Found', 'Failed', '02:55:27 PM', '2018-10-24', 'Wednesday'),
(170, '202.126.123.153', 'Admin Admin', 'Success', '02:55:37 PM', '2018-10-24', 'Wednesday'),
(171, '202.191.127.220', 'Md. Sofiqul Islam', 'Success', '03:14:56 PM', '2018-10-24', 'Wednesday'),
(172, '202.191.127.220', 'Adesh Roy', 'Success', '03:17:38 PM', '2018-10-24', 'Wednesday'),
(173, '202.126.123.153', 'Not Found', 'Failed', '05:36:39 PM', '2018-10-24', 'Wednesday'),
(174, '202.126.123.153', 'Admin Admin', 'Success', '05:36:48 PM', '2018-10-24', 'Wednesday'),
(175, '202.126.123.153', 'Not Found', 'Failed', '06:28:04 PM', '2018-10-24', 'Wednesday'),
(176, '202.126.123.153', 'Admin Admin', 'Success', '06:28:19 PM', '2018-10-24', 'Wednesday'),
(177, '202.126.123.153', 'Not Found', 'Failed', '07:08:05 PM', '2018-10-24', 'Wednesday'),
(178, '202.126.123.153', 'Admin Admin', 'Success', '07:08:16 PM', '2018-10-24', 'Wednesday'),
(179, '202.126.123.153', 'Admin Admin', 'Success', '11:06:17 AM', '2018-10-25', 'Thursday'),
(180, '202.126.123.153', 'Admin Admin', 'Success', '11:14:37 AM', '2018-10-25', 'Thursday'),
(181, '202.126.123.153', 'Md. Sofiqul Islam', 'Success', '11:15:19 AM', '2018-10-25', 'Thursday'),
(182, '202.126.123.153', 'Not Found', 'Failed', '12:24:00 PM', '2018-10-25', 'Thursday'),
(183, '202.126.123.153', 'Md. Sofiqul Islam', 'Success', '12:24:14 PM', '2018-10-25', 'Thursday'),
(184, '202.126.123.153', 'Not Found', 'Failed', '12:33:27 PM', '2018-10-25', 'Thursday'),
(185, '202.126.123.153', 'Admin Admin', 'Success', '12:33:40 PM', '2018-10-25', 'Thursday'),
(186, '202.126.123.153', 'Admin Admin', 'Success', '02:38:32 PM', '2018-10-25', 'Thursday'),
(187, '202.191.127.220', 'Admin Admin', 'Success', '02:40:19 PM', '2018-10-25', 'Thursday'),
(188, '202.191.127.220', 'MD. JAHANGIR ALAM', 'Success', '02:52:00 PM', '2018-10-25', 'Thursday'),
(189, '202.126.123.153', 'Md. Sofiqul Islam', 'Success', '03:15:36 PM', '2018-10-25', 'Thursday'),
(190, '202.191.127.220', 'MD. JAHANGIR ALAM', 'Success', '03:37:48 PM', '2018-10-25', 'Thursday'),
(191, '202.126.123.153', 'Not Found', 'Failed', '07:10:02 PM', '2018-10-25', 'Thursday'),
(192, '202.126.123.153', 'Not Found', 'Failed', '07:10:17 PM', '2018-10-25', 'Thursday'),
(193, '202.126.123.153', 'Admin Admin', 'Success', '07:10:28 PM', '2018-10-25', 'Thursday'),
(194, '202.126.123.153', 'Md. Sofiqul Islam', 'Success', '10:47:19 AM', '2018-10-27', 'Saturday'),
(195, '103.87.212.183', 'Admin Admin', 'Success', '10:51:24 AM', '2018-10-27', 'Saturday'),
(196, '202.126.123.153', 'Md. Sofiqul Islam', 'Success', '10:52:19 AM', '2018-10-27', 'Saturday'),
(197, '202.126.123.153', 'Admin Admin', 'Success', '10:52:43 AM', '2018-10-27', 'Saturday'),
(198, '103.87.212.183', 'Md. Sofiqul Islam', 'Success', '10:53:12 AM', '2018-10-27', 'Saturday'),
(199, '103.87.212.183', 'Md. Liaz Mahamud', 'Success', '11:02:46 AM', '2018-10-27', 'Saturday'),
(200, '202.126.123.153', 'Admin Admin', 'Success', '11:58:02 AM', '2018-10-27', 'Saturday'),
(201, '202.126.123.153', 'Not Found', 'Failed', '02:01:37 PM', '2018-10-27', 'Saturday'),
(202, '202.126.123.153', 'Admin Admin', 'Success', '02:01:47 PM', '2018-10-27', 'Saturday'),
(203, '202.191.127.220', 'Admin Admin', 'Success', '03:20:44 PM', '2018-10-27', 'Saturday'),
(204, '202.191.127.220', 'MD. JAHANGIR ALAM', 'Success', '03:28:56 PM', '2018-10-27', 'Saturday'),
(205, '202.191.127.220', 'MD. JAHANGIR ALAM', 'Success', '03:31:12 PM', '2018-10-27', 'Saturday'),
(206, '202.126.123.153', 'Not Found', 'Failed', '03:32:07 PM', '2018-10-27', 'Saturday'),
(207, '202.126.123.153', 'Admin Admin', 'Success', '04:46:54 PM', '2018-10-27', 'Saturday'),
(208, '202.191.127.220', 'Md. Sofiqul Islam', 'Success', '06:29:29 PM', '2018-10-27', 'Saturday'),
(209, '202.126.123.153', 'Md. Sofiqul Islam', 'Success', '06:30:23 PM', '2018-10-27', 'Saturday'),
(210, '202.191.127.220', 'Md. Sofiqul Islam', 'Success', '06:49:40 PM', '2018-10-27', 'Saturday'),
(211, '202.126.123.153', 'Md. Sofiqul Islam', 'Success', '06:51:27 PM', '2018-10-27', 'Saturday'),
(212, '202.126.123.153', 'Admin Admin', 'Success', '11:56:52 AM', '2018-10-28', 'Sunday'),
(213, '202.126.123.153', 'Admin Admin', 'Success', '01:24:05 PM', '2018-10-28', 'Sunday'),
(214, '202.191.127.220', 'Admin Admin', 'Success', '02:00:29 PM', '2018-10-28', 'Sunday'),
(215, '202.191.127.220', 'Md. Sofiqul Islam', 'Success', '02:05:51 PM', '2018-10-28', 'Sunday'),
(216, '202.126.123.153', 'Admin Admin', 'Success', '02:52:20 PM', '2018-10-28', 'Sunday'),
(217, '202.126.123.153', 'ABM Sajedul Islam', 'Success', '03:15:17 PM', '2018-10-28', 'Sunday'),
(218, '202.126.123.153', 'Not Found', 'Failed', '03:16:38 PM', '2018-10-28', 'Sunday'),
(219, '202.126.123.153', 'Admin Admin', 'Success', '03:18:08 PM', '2018-10-28', 'Sunday'),
(220, '202.126.123.153', 'Md Masudur Rahman', 'Success', '03:19:31 PM', '2018-10-28', 'Sunday'),
(221, '202.191.127.220', 'MD Shafiqul Islam', 'Success', '03:50:44 PM', '2018-10-28', 'Sunday'),
(222, '202.191.127.220', 'Md Shamsul Alam', 'Success', '03:51:21 PM', '2018-10-28', 'Sunday'),
(223, '202.191.127.220', 'Md. Abdur Rahman', 'Success', '03:54:33 PM', '2018-10-28', 'Sunday'),
(224, '202.191.127.220', 'Md. Abu Belal Siddik', 'Success', '03:58:29 PM', '2018-10-28', 'Sunday'),
(225, '202.191.127.220', 'Md. Liaz Mahamud', 'Success', '03:59:39 PM', '2018-10-28', 'Sunday'),
(226, '202.126.123.153', 'Admin Admin', 'Success', '04:09:24 PM', '2018-10-28', 'Sunday'),
(227, '202.126.123.153', 'Md Masudur Rahman', 'Success', '04:39:16 PM', '2018-10-28', 'Sunday'),
(228, '202.126.123.153', 'Md Masudur Rahman', 'Success', '04:43:07 PM', '2018-10-28', 'Sunday'),
(229, '202.126.123.153', 'Admin Admin', 'Success', '05:01:44 PM', '2018-10-28', 'Sunday'),
(230, '202.126.123.153', 'Md Masudur Rahman', 'Success', '05:06:34 PM', '2018-10-28', 'Sunday'),
(231, '202.126.123.153', 'Admin Admin', 'Success', '06:01:17 PM', '2018-10-28', 'Sunday'),
(232, '202.126.123.153', 'Md. Sofiqul Islam', 'Success', '06:30:47 PM', '2018-10-28', 'Sunday'),
(233, '202.191.127.220', 'Md. Sofiqul Islam', 'Success', '06:31:45 PM', '2018-10-28', 'Sunday'),
(234, '202.126.123.153', 'Md. Sofiqul Islam', 'Success', '06:48:52 PM', '2018-10-28', 'Sunday'),
(235, '202.126.123.153', 'Md. Sofiqul Islam', 'Success', '06:50:03 PM', '2018-10-28', 'Sunday'),
(236, '202.126.123.153', 'Md. Sofiqul Islam', 'Success', '07:02:22 PM', '2018-10-28', 'Sunday'),
(237, '202.191.127.220', 'Md Shamsul Alam', 'Success', '07:27:54 PM', '2018-10-28', 'Sunday'),
(238, '202.126.123.153', 'Md Shamsul Alam', 'Success', '07:29:47 PM', '2018-10-28', 'Sunday'),
(239, '119.30.32.128', 'Md. Solaiman Ali', 'Success', '11:36:30 PM', '2018-10-28', 'Sunday'),
(240, '202.126.123.153', 'Md. Sofiqul Islam', 'Success', '10:57:30 AM', '2018-10-29', 'Monday'),
(241, '202.126.123.153', 'Dr. Md. Firoj Zamal', 'Success', '10:58:41 AM', '2018-10-29', 'Monday'),
(242, '202.126.123.153', 'Admin Admin', 'Success', '10:59:16 AM', '2018-10-29', 'Monday'),
(243, '202.126.123.153', 'Md Shamsul Alam', 'Success', '11:01:25 AM', '2018-10-29', 'Monday'),
(244, '202.126.123.153', 'Md. Sofiqul Islam', 'Success', '02:24:04 PM', '2018-10-29', 'Monday'),
(245, '103.87.212.191', 'Admin Admin', 'Success', '02:36:24 PM', '2018-10-29', 'Monday'),
(246, '103.87.212.191', 'Md. Sofiqul Islam', 'Success', '02:39:51 PM', '2018-10-29', 'Monday'),
(247, '202.126.123.153', 'Not Found', 'Failed', '02:51:42 PM', '2018-10-29', 'Monday'),
(248, '202.126.123.153', 'Admin Admin', 'Success', '02:51:52 PM', '2018-10-29', 'Monday'),
(249, '202.126.123.153', 'Dr. Md. Firoj Zamal', 'Success', '02:56:50 PM', '2018-10-29', 'Monday'),
(250, '202.126.123.153', 'Md Masudur Rahman', 'Success', '03:12:20 PM', '2018-10-29', 'Monday'),
(251, '202.126.123.153', 'Admin Admin', 'Success', '04:15:29 PM', '2018-10-29', 'Monday'),
(252, '202.126.123.153', 'Md Masudur Rahman', 'Success', '05:04:10 PM', '2018-10-29', 'Monday'),
(253, '202.126.123.153', 'Md Masudur Rahman', 'Success', '05:26:12 PM', '2018-10-29', 'Monday'),
(254, '202.126.123.153', 'Admin Admin', 'Success', '06:27:56 PM', '2018-10-29', 'Monday'),
(255, '163.47.156.99', 'Not Found', 'Failed', '09:28:30 AM', '2018-10-30', 'Tuesday'),
(256, '163.47.156.99', 'Admin Baliadangi', 'Success', '09:28:39 AM', '2018-10-30', 'Tuesday'),
(257, '202.126.123.153', 'Md Masudur Rahman', 'Success', '11:38:15 AM', '2018-10-30', 'Tuesday'),
(258, '202.191.127.220', 'Admin Admin', 'Success', '02:35:50 PM', '2018-10-30', 'Tuesday'),
(259, '202.191.127.220', 'Md Masudur Rahman', 'Success', '02:37:01 PM', '2018-10-30', 'Tuesday'),
(260, '202.191.127.220', 'Admin Admin', 'Success', '03:27:40 PM', '2018-10-30', 'Tuesday'),
(261, '202.191.127.220', 'Md. Sofiqul Islam', 'Success', '04:11:51 PM', '2018-10-30', 'Tuesday'),
(262, '202.191.127.220', 'Md. Sofiqul Islam', 'Success', '04:21:42 PM', '2018-10-30', 'Tuesday'),
(263, '202.191.127.220', 'Md Shamsul Alam', 'Success', '05:01:55 PM', '2018-10-30', 'Tuesday'),
(264, '202.191.127.220', 'Md. Abdur Rahman', 'Success', '05:05:12 PM', '2018-10-30', 'Tuesday'),
(265, '202.191.127.220', 'Md Masudur Rahman', 'Success', '05:18:31 PM', '2018-10-30', 'Tuesday'),
(266, '202.191.127.220', 'Md. Sofiqul Islam', 'Success', '05:34:54 PM', '2018-10-30', 'Tuesday'),
(267, '202.191.127.220', 'MD. ABDUL QUDDUS', 'Success', '05:40:46 PM', '2018-10-30', 'Tuesday'),
(268, '202.191.127.220', 'MD. JAHANGIR ALAM', 'Success', '06:03:40 PM', '2018-10-30', 'Tuesday'),
(269, '202.191.127.220', 'Dr. T. M. MAHBUBOR RAHMAN', 'Success', '06:08:45 PM', '2018-10-30', 'Tuesday'),
(270, '202.191.127.220', 'SUBODH CHANDRA BARMAN', 'Success', '06:13:58 PM', '2018-10-30', 'Tuesday'),
(271, '202.191.127.220', 'SUBODH CHANDRA BARMAN', 'Success', '06:27:05 PM', '2018-10-30', 'Tuesday'),
(272, '202.191.127.220', 'Md. Liaz Mahamud', 'Success', '06:48:46 PM', '2018-10-30', 'Tuesday'),
(273, '202.191.127.220', 'Md. Abdur Rahman', 'Success', '06:55:52 PM', '2018-10-30', 'Tuesday'),
(274, '202.191.127.220', 'Md Shamsul Alam', 'Success', '06:58:46 PM', '2018-10-30', 'Tuesday'),
(275, '202.191.127.220', 'Ganesh Singha', 'Success', '07:13:05 PM', '2018-10-30', 'Tuesday'),
(276, '202.191.127.220', 'Md. Abdur Rahman', 'Success', '07:22:35 PM', '2018-10-30', 'Tuesday'),
(277, '202.191.127.220', 'Md. Abu Belal Siddik', 'Success', '07:38:06 PM', '2018-10-30', 'Tuesday'),
(278, '202.191.127.220', 'Admin Admin', 'Success', '08:14:00 PM', '2018-10-30', 'Tuesday'),
(279, '202.191.127.220', 'Admin Admin', 'Success', '10:03:13 AM', '2018-10-31', 'Wednesday'),
(280, '202.191.127.220', 'Admin Admin', 'Success', '11:31:25 AM', '2018-10-31', 'Wednesday'),
(281, '202.191.127.220', 'Admin Admin', 'Success', '01:06:42 PM', '2018-10-31', 'Wednesday'),
(282, '202.191.127.220', 'Admin Baliadangi', 'Success', '02:15:23 PM', '2018-10-31', 'Wednesday'),
(283, '202.191.127.220', 'Md Masudur Rahman', 'Success', '02:39:30 PM', '2018-10-31', 'Wednesday'),
(284, '202.191.127.220', 'Admin Baliadangi', 'Success', '03:01:11 PM', '2018-10-31', 'Wednesday'),
(285, '202.191.127.220', 'Admin Admin', 'Success', '03:02:42 PM', '2018-10-31', 'Wednesday'),
(286, '202.191.127.220', 'Md Masudur Rahman', 'Success', '03:29:11 PM', '2018-10-31', 'Wednesday'),
(287, '202.191.127.220', 'Md. Sofiqul Islam', 'Success', '04:38:13 PM', '2018-10-31', 'Wednesday'),
(288, '202.191.127.220', 'Admin Admin', 'Success', '06:15:17 PM', '2018-10-31', 'Wednesday'),
(289, '202.191.127.220', 'Md Shamsul Alam', 'Success', '06:34:12 PM', '2018-10-31', 'Wednesday'),
(290, '202.191.127.220', 'Md. Abu Belal Siddik', 'Success', '06:42:44 PM', '2018-10-31', 'Wednesday'),
(291, '202.191.127.220', 'ABM Sajedul Islam', 'Success', '06:51:56 PM', '2018-10-31', 'Wednesday'),
(292, '202.191.127.220', 'Md Abdur Rahim', 'Success', '06:55:24 PM', '2018-10-31', 'Wednesday'),
(293, '202.191.127.220', 'Md Shamsul Alam', 'Success', '07:31:35 PM', '2018-10-31', 'Wednesday'),
(294, '119.30.32.122', 'Md. Sofiqul Islam', 'Success', '09:40:28 AM', '2018-11-01', 'Thursday'),
(295, '103.87.212.191', 'Admin Admin', 'Success', '01:32:49 PM', '2018-11-01', 'Thursday'),
(296, '163.47.156.99', 'Admin Baliadangi', 'Success', '02:40:49 PM', '2018-11-01', 'Thursday'),
(297, '103.87.212.163', 'Admin Admin', 'Success', '11:05:34 AM', '2018-11-04', 'Sunday'),
(298, '202.126.123.153', 'Not Found', 'Failed', '12:26:37 PM', '2018-11-06', 'Tuesday'),
(299, '202.126.123.153', 'Admin Admin', 'Success', '12:26:47 PM', '2018-11-06', 'Tuesday'),
(300, '202.126.123.153', 'Admin Admin', 'Success', '01:27:06 PM', '2018-11-06', 'Tuesday'),
(301, '119.30.32.175', 'MD. KUSUM UDDIN', 'Success', '01:41:03 PM', '2018-11-06', 'Tuesday'),
(302, '202.126.123.153', 'Admin Admin', 'Success', '01:53:01 PM', '2018-11-06', 'Tuesday'),
(303, '202.126.123.153', 'Admin Admin', 'Success', '02:03:26 PM', '2018-11-06', 'Tuesday'),
(304, '202.126.123.153', 'Md Masudur Rahman', 'Success', '02:25:27 PM', '2018-11-06', 'Tuesday'),
(305, '202.126.123.153', 'Admin Admin', 'Success', '02:26:00 PM', '2018-11-06', 'Tuesday'),
(306, '202.126.123.153', 'Admin Admin', 'Success', '02:30:27 PM', '2018-11-06', 'Tuesday'),
(307, '202.126.123.153', 'Md Masudur Rahman', 'Success', '02:31:44 PM', '2018-11-06', 'Tuesday'),
(308, '202.126.123.153', 'Admin Admin', 'Success', '02:33:20 PM', '2018-11-06', 'Tuesday'),
(309, '202.126.123.153', 'Admin Admin', 'Success', '02:36:36 PM', '2018-11-06', 'Tuesday'),
(310, '202.126.123.153', 'Md Masudur Rahman', 'Success', '02:36:56 PM', '2018-11-06', 'Tuesday'),
(311, '202.126.123.153', 'Admin Admin', 'Success', '02:37:35 PM', '2018-11-06', 'Tuesday'),
(312, '103.77.60.42', 'Md. Abdur Rahman', 'Success', '04:36:10 PM', '2018-11-06', 'Tuesday'),
(313, '202.126.123.153', 'Admin Admin', 'Success', '04:39:04 PM', '2018-11-06', 'Tuesday'),
(314, '103.230.107.15', 'Admin Baliadangi', 'Success', '06:40:25 PM', '2018-11-06', 'Tuesday'),
(315, '103.87.212.163', 'Admin Admin', 'Success', '05:02:54 PM', '2018-11-10', 'Saturday'),
(316, '103.87.212.171', 'Admin Baliadangi', 'Success', '12:03:09 PM', '2018-11-11', 'Sunday'),
(317, '103.87.212.171', 'Admin Baliadangi', 'Success', '12:15:22 PM', '2018-11-11', 'Sunday'),
(318, '103.87.212.171', 'Admin Admin', 'Success', '12:26:58 PM', '2018-11-11', 'Sunday'),
(319, '103.87.212.171', 'Admin Admin', 'Success', '12:29:06 PM', '2018-11-11', 'Sunday'),
(320, '103.87.212.171', 'Admin Baliadangi', 'Success', '12:33:52 PM', '2018-11-11', 'Sunday'),
(321, '202.191.127.220', 'Admin Admin', 'Success', '02:30:08 PM', '2018-11-11', 'Sunday'),
(322, '202.191.127.220', 'Admin Admin', 'Success', '02:32:45 PM', '2018-11-11', 'Sunday'),
(323, '202.191.127.220', 'Admin Baliadangi', 'Success', '02:33:50 PM', '2018-11-11', 'Sunday'),
(324, '103.87.212.171', 'Admin Admin', 'Success', '04:39:41 PM', '2018-11-11', 'Sunday'),
(325, '103.87.212.171', 'MD Shafiqul Islam', 'Success', '04:42:51 PM', '2018-11-11', 'Sunday'),
(326, '103.87.212.171', 'MD Shafiqul Islam', 'Success', '04:55:45 PM', '2018-11-11', 'Sunday'),
(327, '103.87.212.171', 'Md Shamsul Alam', 'Success', '04:59:48 PM', '2018-11-11', 'Sunday'),
(328, '103.87.212.171', 'Md. Abdur Rahman', 'Success', '05:03:26 PM', '2018-11-11', 'Sunday'),
(329, '103.87.212.171', 'Md. Abu Belal Siddik', 'Success', '05:05:04 PM', '2018-11-11', 'Sunday'),
(330, '103.87.212.171', 'ABM Sajedul Islam', 'Success', '05:08:33 PM', '2018-11-11', 'Sunday'),
(331, '103.87.212.171', 'Md. Liaz Mahamud', 'Success', '05:17:13 PM', '2018-11-11', 'Sunday'),
(332, '103.87.212.171', 'Md Shahinur Alam', 'Success', '05:26:00 PM', '2018-11-11', 'Sunday'),
(333, '103.87.212.171', 'Md. Liaz Mahamud', 'Success', '05:26:35 PM', '2018-11-11', 'Sunday'),
(334, '103.87.212.171', 'Md Masudur Rahman', 'Success', '05:27:14 PM', '2018-11-11', 'Sunday'),
(335, '103.87.212.171', 'Thakurgaon District', 'Success', '05:29:13 PM', '2018-11-11', 'Sunday'),
(336, '103.87.212.171', 'Md. Abdul Mannan', 'Success', '05:32:28 PM', '2018-11-11', 'Sunday'),
(337, '103.87.212.171', 'Access to Information Prime Minister\'s Office', 'Success', '05:34:26 PM', '2018-11-11', 'Sunday'),
(338, '103.87.212.171', 'Admin Admin', 'Success', '05:54:23 PM', '2018-11-11', 'Sunday'),
(339, '103.87.212.171', 'Md. Sofiqul Islam', 'Success', '05:55:20 PM', '2018-11-11', 'Sunday'),
(340, '103.87.212.171', 'Md. Abul Kasem', 'Success', '05:56:12 PM', '2018-11-11', 'Sunday'),
(341, '45.114.88.217', 'Md Shahinur Alam', 'Success', '12:34:54 AM', '2018-11-12', 'Monday'),
(342, '45.114.88.217', 'ABM Sajedul Islam', 'Success', '01:00:30 AM', '2018-11-12', 'Monday'),
(343, '45.114.88.217', 'Md. Abdur Rahman', 'Success', '01:06:59 AM', '2018-11-12', 'Monday'),
(344, '45.114.88.217', 'Admin Baliadangi', 'Success', '01:09:17 AM', '2018-11-12', 'Monday'),
(345, '45.114.88.196', 'Not Found', 'Failed', '08:54:38 AM', '2018-11-12', 'Monday'),
(346, '45.114.88.196', 'Md. Sofiqul Islam', 'Success', '08:55:09 AM', '2018-11-12', 'Monday'),
(347, '45.114.88.196', 'Admin Baliadangi', 'Success', '08:55:45 AM', '2018-11-12', 'Monday'),
(348, '45.114.88.196', 'Dr. T. M. MAHBUBOR RAHMAN', 'Success', '08:58:01 AM', '2018-11-12', 'Monday'),
(349, '45.114.88.196', 'Admin Baliadangi', 'Success', '08:59:03 AM', '2018-11-12', 'Monday'),
(350, '45.114.88.196', 'MD. JAHANGIR ALAM', 'Success', '09:01:05 AM', '2018-11-12', 'Monday'),
(351, '45.114.88.196', 'Md Masudur Rahman', 'Success', '09:18:56 AM', '2018-11-12', 'Monday'),
(352, '45.114.88.196', 'Md. Abdur Rahman', 'Success', '09:30:14 AM', '2018-11-12', 'Monday'),
(353, '45.114.88.196', 'Md. Abu Belal Siddik', 'Success', '09:38:31 AM', '2018-11-12', 'Monday'),
(354, '45.114.88.196', 'ABM Sajedul Islam', 'Success', '09:39:37 AM', '2018-11-12', 'Monday'),
(355, '45.114.88.196', 'MD. JAHANGIR ALAM', 'Success', '09:40:56 AM', '2018-11-12', 'Monday'),
(356, '37.111.233.118', 'Not Found', 'Failed', '11:17:08 AM', '2018-11-13', 'Tuesday'),
(357, '37.111.233.118', 'Not Found', 'Failed', '11:18:09 AM', '2018-11-13', 'Tuesday'),
(358, '37.111.233.118', 'Not Found', 'Failed', '11:19:07 AM', '2018-11-13', 'Tuesday'),
(359, '37.111.233.118', 'Not Found', 'Failed', '11:20:54 AM', '2018-11-13', 'Tuesday'),
(360, '37.111.201.248', 'Not Found', 'Failed', '11:22:27 AM', '2018-11-13', 'Tuesday'),
(361, '37.111.201.248', 'Not Found', 'Failed', '11:23:27 AM', '2018-11-13', 'Tuesday'),
(362, '37.111.233.118', 'MD. Khorshed Alam', 'Success', '11:24:16 AM', '2018-11-13', 'Tuesday'),
(363, '37.111.233.118', 'MD. Khorshed Alam', 'Success', '11:27:58 AM', '2018-11-13', 'Tuesday'),
(364, '45.64.132.225', 'Md Masudur Rahman', 'Success', '01:05:34 PM', '2018-11-13', 'Tuesday'),
(365, '103.102.252.230', 'Admin Baliadangi', 'Success', '10:18:47 AM', '2018-11-15', 'Thursday'),
(366, '202.126.123.153', 'Admin Admin', 'Success', '05:13:55 PM', '2018-11-15', 'Thursday'),
(367, '103.87.212.171', 'Admin Admin', 'Success', '06:25:17 PM', '2018-11-15', 'Thursday'),
(368, '103.87.212.171', 'Md. Abdur Rahman', 'Success', '06:28:53 PM', '2018-11-15', 'Thursday'),
(369, '202.126.123.153', 'Admin Admin', 'Success', '06:38:26 PM', '2018-11-15', 'Thursday'),
(370, '202.126.123.153', 'Md. Abdur Rahman', 'Success', '06:38:44 PM', '2018-11-15', 'Thursday'),
(371, '103.87.212.171', 'Admin Admin', 'Success', '06:51:22 PM', '2018-11-15', 'Thursday'),
(372, '103.87.212.171', 'Md. Abdur Rahman', 'Success', '06:52:58 PM', '2018-11-15', 'Thursday'),
(373, '202.126.123.153', 'Admin Admin', 'Success', '06:53:36 PM', '2018-11-15', 'Thursday'),
(374, '119.30.32.199', 'MD. Khorshed Alam', 'Success', '12:54:54 PM', '2018-11-16', 'Friday'),
(375, '27.147.203.22', 'Admin Admin', 'Success', '07:27:17 PM', '2018-11-17', 'Saturday'),
(376, '27.147.203.22', 'Admin Admin', 'Success', '08:56:59 PM', '2018-11-17', 'Saturday'),
(377, '103.230.105.47', 'Md. Abdur Rahman', 'Success', '03:13:56 PM', '2018-11-18', 'Sunday'),
(378, '202.126.123.153', 'Admin Admin', 'Success', '05:12:42 PM', '2018-11-18', 'Sunday'),
(379, '202.126.123.153', 'Admin Admin', 'Success', '05:13:39 PM', '2018-11-18', 'Sunday'),
(380, '103.230.105.47', 'Admin Baliadangi', 'Success', '05:17:47 PM', '2018-11-18', 'Sunday'),
(381, '103.230.105.47', 'Md. Abdur Rahman', 'Success', '05:19:48 PM', '2018-11-18', 'Sunday'),
(382, '103.230.105.47', 'Admin Baliadangi', 'Success', '05:50:06 PM', '2018-11-18', 'Sunday'),
(383, '107.167.108.85', 'Not Found', 'Failed', '11:03:51 AM', '2018-11-19', 'Monday'),
(384, '107.167.108.85', 'Not Found', 'Failed', '11:04:16 AM', '2018-11-19', 'Monday'),
(385, '107.167.108.85', 'Not Found', 'Failed', '11:05:48 AM', '2018-11-19', 'Monday'),
(386, '107.167.108.85', 'Not Found', 'Failed', '11:06:49 AM', '2018-11-19', 'Monday'),
(387, '107.167.108.85', 'Not Found', 'Failed', '11:08:18 AM', '2018-11-19', 'Monday'),
(388, '103.230.104.48', 'Admin Baliadangi', 'Success', '09:02:08 AM', '2018-11-20', 'Tuesday'),
(389, '103.230.104.48', 'Not Found', 'Failed', '09:04:10 AM', '2018-11-20', 'Tuesday'),
(390, '103.230.104.48', 'Not Found', 'Failed', '09:04:51 AM', '2018-11-20', 'Tuesday'),
(391, '103.230.104.48', 'Admin Admin', 'Success', '09:05:22 AM', '2018-11-20', 'Tuesday'),
(392, '103.230.104.48', 'Admin Baliadangi', 'Success', '09:12:41 AM', '2018-11-20', 'Tuesday'),
(393, '119.30.38.74', 'Md. Abdul Ali', 'Success', '11:42:23 AM', '2018-11-20', 'Tuesday'),
(394, '37.111.201.252', 'Not Found', 'Failed', '12:12:19 PM', '2018-11-20', 'Tuesday'),
(395, '37.111.201.252', 'Md. Paygam Ali', 'Success', '12:16:25 PM', '2018-11-20', 'Tuesday'),
(396, '202.126.123.153', 'Admin Admin', 'Success', '07:58:29 PM', '2018-11-20', 'Tuesday'),
(397, '103.230.104.47', 'Not Found', 'Failed', '09:10:15 PM', '2018-11-20', 'Tuesday'),
(398, '103.230.104.47', 'Admin Baliadangi', 'Success', '09:10:33 PM', '2018-11-20', 'Tuesday'),
(399, '119.30.39.192', 'MD. MAKHSADUR RAHMAN', 'Success', '07:29:50 PM', '2018-11-21', 'Wednesday'),
(400, '119.30.35.224', 'Md. Abul Kalam Azad', 'Success', '12:31:01 PM', '2018-11-22', 'Thursday'),
(401, '103.77.60.42', 'Admin Baliadangi', 'Success', '08:31:47 PM', '2018-11-24', 'Saturday'),
(402, '103.77.60.42', 'Admin Baliadangi', 'Success', '08:43:57 PM', '2018-11-24', 'Saturday'),
(403, '103.77.60.42', 'MD. JAHANGIR ALAM', 'Success', '08:46:03 PM', '2018-11-24', 'Saturday'),
(404, '103.77.60.42', 'Md. Abdur Rahman', 'Success', '08:48:23 PM', '2018-11-24', 'Saturday'),
(405, '103.77.60.42', 'Admin Admin', 'Success', '08:51:28 PM', '2018-11-24', 'Saturday'),
(406, '103.96.106.148', 'Admin Admin', 'Success', '09:03:08 PM', '2018-11-24', 'Saturday'),
(407, '103.96.106.148', 'Not Found', 'Failed', '09:04:50 PM', '2018-11-24', 'Saturday'),
(408, '103.96.106.148', 'Md. Abdur Rahman', 'Success', '09:05:02 PM', '2018-11-24', 'Saturday'),
(409, '103.77.60.42', 'Md Masudur Rahman', 'Success', '09:11:48 PM', '2018-11-24', 'Saturday'),
(410, '202.126.123.153', 'Not Found', 'Failed', '12:07:48 PM', '2018-11-25', 'Sunday'),
(411, '202.126.123.153', 'Admin Admin', 'Success', '12:07:55 PM', '2018-11-25', 'Sunday'),
(412, '202.126.123.153', 'Admin Admin', 'Success', '04:43:36 PM', '2018-11-25', 'Sunday'),
(413, '163.47.156.99', 'Admin Baliadangi', 'Success', '10:07:49 AM', '2018-11-26', 'Monday'),
(414, '163.47.156.99', 'Md. Sofiqul Islam', 'Success', '10:13:46 AM', '2018-11-26', 'Monday'),
(415, '163.47.156.99', 'Md. Abdur Rahman', 'Success', '10:16:40 AM', '2018-11-26', 'Monday'),
(416, '103.87.212.181', 'Not Found', 'Failed', '10:17:52 AM', '2018-11-26', 'Monday'),
(417, '103.87.212.181', 'Not Found', 'Failed', '10:18:16 AM', '2018-11-26', 'Monday'),
(418, '163.47.156.99', 'Not Found', 'Failed', '10:18:33 AM', '2018-11-26', 'Monday'),
(419, '103.87.212.181', 'Admin Admin', 'Success', '10:18:37 AM', '2018-11-26', 'Monday'),
(420, '163.47.156.99', 'Admin Baliadangi', 'Success', '10:18:39 AM', '2018-11-26', 'Monday'),
(421, '163.47.156.99', 'Md. Sofiqul Islam', 'Success', '10:19:21 AM', '2018-11-26', 'Monday'),
(422, '163.47.156.99', 'Md. Abdur Rahman', 'Success', '10:19:47 AM', '2018-11-26', 'Monday'),
(423, '163.47.156.99', 'Not Found', 'Failed', '10:28:03 AM', '2018-11-26', 'Monday'),
(424, '163.47.156.99', 'Not Found', 'Failed', '10:28:13 AM', '2018-11-26', 'Monday'),
(425, '163.47.156.99', 'Admin Baliadangi', 'Success', '10:28:20 AM', '2018-11-26', 'Monday'),
(426, '163.47.156.99', 'Md. Sofiqul Islam', 'Success', '10:29:49 AM', '2018-11-26', 'Monday'),
(427, '163.47.156.99', 'Admin Baliadangi', 'Success', '10:45:20 AM', '2018-11-26', 'Monday'),
(428, '180.211.141.6', 'Md Masudur Rahman', 'Success', '09:34:56 AM', '2018-11-27', 'Tuesday'),
(429, '114.130.80.140', 'Not Found', 'Failed', '09:44:08 AM', '2018-11-27', 'Tuesday'),
(430, '114.130.80.140', 'Md Masudur Rahman', 'Success', '09:44:34 AM', '2018-11-27', 'Tuesday'),
(431, '180.211.141.6', 'Md Shahinur Alam', 'Success', '02:18:21 PM', '2018-11-27', 'Tuesday'),
(432, '180.211.141.6', 'Md Masudur Rahman', 'Success', '11:31:59 AM', '2018-11-28', 'Wednesday'),
(433, '180.211.141.6', 'MD. JAHANGIR ALAM', 'Success', '12:00:30 PM', '2018-11-28', 'Wednesday'),
(434, '180.211.141.6', 'Md Masudur Rahman', 'Success', '12:37:33 PM', '2018-11-28', 'Wednesday'),
(435, '180.211.141.6', 'Md Shahinur Alam', 'Success', '12:38:42 PM', '2018-11-28', 'Wednesday'),
(436, '180.211.141.6', 'Not Found', 'Failed', '12:48:03 PM', '2018-11-28', 'Wednesday'),
(437, '180.211.141.6', 'ABM Sajedul Islam', 'Success', '12:48:19 PM', '2018-11-28', 'Wednesday'),
(438, '180.211.141.6', 'Md Shahinur Alam', 'Success', '12:51:41 PM', '2018-11-28', 'Wednesday'),
(439, '180.211.141.6', 'Md. Abdur Rahman', 'Success', '12:52:48 PM', '2018-11-28', 'Wednesday'),
(440, '202.191.127.220', 'Admin Admin', 'Success', '03:27:47 PM', '2018-12-09', 'Sunday'),
(441, '119.30.38.133', 'Amullo Chandro Singha', 'Success', '11:30:06 AM', '2018-12-10', 'Monday'),
(442, '202.191.127.220', 'Admin Admin', 'Success', '04:36:11 PM', '2019-01-02', 'Wednesday'),
(443, '103.77.60.42', 'Not Found', 'Failed', '08:17:29 PM', '2019-01-04', 'Friday'),
(444, '103.77.60.42', 'Md Masudur Rahman', 'Success', '08:18:31 PM', '2019-01-04', 'Friday'),
(445, '103.83.167.254', 'Not Found', 'Failed', '03:52:16 PM', '2019-01-06', 'Sunday'),
(446, '103.83.167.254', 'Not Found', 'Failed', '03:52:40 PM', '2019-01-06', 'Sunday'),
(447, '103.83.167.254', 'Not Found', 'Failed', '03:53:16 PM', '2019-01-06', 'Sunday'),
(448, '103.83.167.254', 'Md Masudur Rahman', 'Success', '03:53:42 PM', '2019-01-06', 'Sunday'),
(449, '103.83.167.254', 'Not Found', 'Failed', '03:55:30 PM', '2019-01-06', 'Sunday'),
(450, '103.83.167.254', 'Md Shahinur Alam', 'Success', '03:55:49 PM', '2019-01-06', 'Sunday'),
(451, '103.230.105.54', 'Not Found', 'Failed', '04:03:56 PM', '2019-01-06', 'Sunday'),
(452, '103.230.105.54', 'Not Found', 'Failed', '04:04:18 PM', '2019-01-06', 'Sunday'),
(453, '103.230.105.54', 'Not Found', 'Failed', '04:04:38 PM', '2019-01-06', 'Sunday'),
(454, '202.191.127.220', 'Admin Admin', 'Success', '04:06:05 PM', '2019-01-06', 'Sunday'),
(455, '103.230.105.54', 'Admin Admin', 'Success', '04:10:12 PM', '2019-01-06', 'Sunday'),
(456, '103.230.105.54', 'Admin Baliadangi', 'Success', '04:15:36 PM', '2019-01-06', 'Sunday'),
(457, '116.58.202.118', 'Not Found', 'Failed', '04:27:39 PM', '2019-01-06', 'Sunday'),
(458, '116.58.202.118', 'Not Found', 'Failed', '04:42:18 PM', '2019-01-06', 'Sunday'),
(459, '116.58.202.118', 'Admin Baliadangi', 'Success', '04:43:36 PM', '2019-01-06', 'Sunday'),
(460, '103.83.167.254', 'Not Found', 'Failed', '06:00:58 PM', '2019-01-06', 'Sunday'),
(461, '103.83.167.254', 'ABM Sajedul Islam', 'Success', '06:01:20 PM', '2019-01-06', 'Sunday'),
(462, '103.83.167.254', 'MD. JAHANGIR ALAM', 'Success', '06:05:57 PM', '2019-01-06', 'Sunday'),
(463, '103.83.167.254', 'Md. Abu Belal Siddik', 'Success', '07:35:37 PM', '2019-01-06', 'Sunday'),
(464, '103.83.167.254', 'Md. Abdur Rahman', 'Success', '07:49:27 PM', '2019-01-06', 'Sunday'),
(465, '103.83.167.254', 'Md Masudur Rahman', 'Success', '08:49:13 PM', '2019-01-06', 'Sunday'),
(466, '116.58.204.200', 'Admin Baliadangi', 'Success', '01:23:42 PM', '2019-01-07', 'Monday'),
(467, '163.47.156.99', 'Admin Baliadangi', 'Success', '10:37:34 AM', '2019-01-08', 'Tuesday'),
(468, '103.77.60.42', 'Admin Baliadangi', 'Success', '12:34:37 PM', '2019-01-08', 'Tuesday'),
(469, '43.229.12.144', 'Admin Baliadangi', 'Success', '06:22:44 PM', '2019-01-08', 'Tuesday'),
(470, '202.191.127.220', 'Admin Admin', 'Success', '07:21:48 PM', '2019-01-13', 'Sunday'),
(471, '202.126.123.153', 'Admin Admin', 'Success', '07:23:31 PM', '2019-01-13', 'Sunday'),
(472, '202.191.127.220', 'Not Found', 'Failed', '07:25:20 PM', '2019-01-13', 'Sunday'),
(473, '202.191.127.220', 'Not Found', 'Failed', '07:25:34 PM', '2019-01-13', 'Sunday'),
(474, '202.191.127.220', 'Not Found', 'Failed', '07:25:39 PM', '2019-01-13', 'Sunday'),
(475, '202.191.127.220', 'Not Found', 'Failed', '07:25:45 PM', '2019-01-13', 'Sunday'),
(476, '202.191.127.220', 'Admin Admin', 'Success', '06:58:26 PM', '2019-01-23', 'Wednesday'),
(477, '202.191.127.220', 'Admin Admin', 'Success', '04:13:34 PM', '2019-01-31', 'Thursday'),
(478, '202.191.127.220', 'Admin Admin', 'Success', '05:15:08 PM', '2019-01-31', 'Thursday'),
(479, '202.191.127.220', 'Admin Admin', 'Success', '12:52:52 PM', '2019-02-05', 'Tuesday'),
(480, '202.191.127.220', 'Admin Admin', 'Success', '01:09:14 PM', '2019-02-05', 'Tuesday'),
(481, '37.111.227.168', 'Not Found', 'Failed', '12:28:43 PM', '2019-02-06', 'Wednesday'),
(482, '37.111.227.168', 'Not Found', 'Failed', '12:30:07 PM', '2019-02-06', 'Wednesday'),
(483, '37.111.227.168', 'Not Found', 'Failed', '12:30:28 PM', '2019-02-06', 'Wednesday'),
(484, '37.111.228.131', 'MD NOWSAD ALI KAJEMI', 'Success', '06:54:31 PM', '2019-02-10', 'Sunday'),
(485, '202.191.127.220', 'Admin Admin', 'Success', '04:50:29 PM', '2019-02-12', 'Tuesday'),
(486, '202.191.127.220', 'Admin Admin', 'Success', '05:56:25 PM', '2019-02-12', 'Tuesday'),
(487, '37.111.201.6', 'MD NOWSAD ALI KAJEMI', 'Success', '12:05:21 PM', '2019-02-13', 'Wednesday'),
(488, '103.77.60.42', 'Md Masudur Rahman', 'Success', '11:18:47 AM', '2019-02-17', 'Sunday'),
(489, '103.77.60.42', 'Admin Baliadangi', 'Success', '02:32:03 PM', '2019-02-17', 'Sunday'),
(490, '123.108.246.220', 'MD NOWSAD ALI KAJEMI', 'Success', '01:42:16 PM', '2019-02-25', 'Monday'),
(491, '202.126.123.153', 'Not Found', 'Failed', '05:42:54 PM', '2019-02-27', 'Wednesday'),
(492, '202.126.123.153', 'Not Found', 'Failed', '05:43:04 PM', '2019-02-27', 'Wednesday'),
(493, '202.126.123.153', 'Admin Admin', 'Success', '05:43:13 PM', '2019-02-27', 'Wednesday'),
(494, '103.96.106.144', 'Admin Admin', 'Success', '01:02:50 PM', '2019-02-28', 'Thursday'),
(495, '103.15.141.19', 'Admin Admin', 'Success', '10:24:10 PM', '2019-03-03', 'Sunday'),
(496, '103.67.159.38', 'Admin Baliadangi', 'Success', '03:15:17 PM', '2019-04-01', 'Monday'),
(497, '180.211.141.6', 'Admin Baliadangi', 'Success', '03:21:00 PM', '2019-04-02', 'Tuesday'),
(498, '180.211.141.6', 'Admin Baliadangi', 'Success', '03:36:59 PM', '2019-04-02', 'Tuesday'),
(499, '180.211.141.6', 'Admin Admin', 'Success', '04:14:33 PM', '2019-04-02', 'Tuesday'),
(500, '180.211.141.6', 'Admin Admin', 'Success', '04:16:09 PM', '2019-04-02', 'Tuesday'),
(501, '163.47.156.110', 'Not Found', 'Failed', '03:47:33 PM', '2019-04-10', 'Wednesday'),
(502, '163.47.156.110', 'Not Found', 'Failed', '03:47:50 PM', '2019-04-10', 'Wednesday'),
(503, '163.47.156.110', 'Not Found', 'Failed', '03:48:17 PM', '2019-04-10', 'Wednesday'),
(504, '163.47.156.110', 'Not Found', 'Failed', '03:51:48 PM', '2019-04-10', 'Wednesday'),
(505, '163.47.156.110', 'Md. Abu Sufian', 'Success', '03:52:30 PM', '2019-04-10', 'Wednesday'),
(506, '163.47.156.110', 'Not Found', 'Failed', '03:54:17 PM', '2019-04-10', 'Wednesday'),
(507, '163.47.156.110', 'Not Found', 'Failed', '03:54:40 PM', '2019-04-10', 'Wednesday'),
(508, '163.47.156.110', 'Not Found', 'Failed', '03:55:10 PM', '2019-04-10', 'Wednesday'),
(509, '163.47.156.110', 'Md. Abdur Rahman', 'Success', '03:55:40 PM', '2019-04-10', 'Wednesday'),
(510, '202.134.9.140', 'Admin Baliadangi', 'Success', '08:06:11 AM', '2019-04-19', 'Friday'),
(511, '103.15.141.22', 'Admin Admin', 'Success', '10:33:33 PM', '2019-04-21', 'Sunday'),
(512, '103.15.141.20', 'Not Found', 'Failed', '11:41:23 PM', '2019-06-15', 'Saturday'),
(513, '103.15.141.20', 'Admin Admin', 'Success', '11:41:33 PM', '2019-06-15', 'Saturday'),
(514, '::1', 'Admin Admin', 'Success', '12:27:39 AM', '2019-06-16', 'Sunday'),
(515, '::1', 'Not Found', 'Failed', '12:04:03 AM', '2019-06-17', 'Monday'),
(516, '::1', 'Admin Admin', 'Success', '12:04:14 AM', '2019-06-17', 'Monday'),
(517, '::1', 'Admin Admin', 'Success', '12:08:34 AM', '2019-06-17', 'Monday'),
(518, '::1', 'Admin Admin', 'Success', '12:17:13 AM', '2019-06-17', 'Monday'),
(519, '::1', 'Admin Admin', 'Success', '12:19:58 AM', '2019-06-17', 'Monday'),
(520, '::1', 'Admin Admin', 'Success', '12:24:14 AM', '2019-06-17', 'Monday');

--
-- Indexes for dumped tables
--

--
-- Indexes for table `casesub_subcategory`
--
ALTER TABLE `casesub_subcategory`
  ADD PRIMARY KEY (`id`);

--
-- Indexes for table `case_subcategory`
--
ALTER TABLE `case_subcategory`
  ADD PRIMARY KEY (`id`);

--
-- Indexes for table `court_type`
--
ALTER TABLE `court_type`
  ADD PRIMARY KEY (`id`);

--
-- Indexes for table `gender`
--
ALTER TABLE `gender`
  ADD PRIMARY KEY (`id`);

--
-- Indexes for table `groups`
--
ALTER TABLE `groups`
  ADD PRIMARY KEY (`id`);

--
-- Indexes for table `lwy_files`
--
ALTER TABLE `lwy_files`
  ADD PRIMARY KEY (`id`);

--
-- Indexes for table `lwy_file_info`
--
ALTER TABLE `lwy_file_info`
  ADD PRIMARY KEY (`id`);

--
-- Indexes for table `menu_list`
--
ALTER TABLE `menu_list`
  ADD PRIMARY KEY (`id`);

--
-- Indexes for table `users`
--
ALTER TABLE `users`
  ADD PRIMARY KEY (`id`);

--
-- Indexes for table `users_groups`
--
ALTER TABLE `users_groups`
  ADD PRIMARY KEY (`id`);

--
-- Indexes for table `user_access_menus`
--
ALTER TABLE `user_access_menus`
  ADD PRIMARY KEY (`id`);

--
-- Indexes for table `user_login_attempt`
--
ALTER TABLE `user_login_attempt`
  ADD PRIMARY KEY (`id`);

--
-- AUTO_INCREMENT for dumped tables
--

--
-- AUTO_INCREMENT for table `casesub_subcategory`
--
ALTER TABLE `casesub_subcategory`
  MODIFY `id` tinyint(3) NOT NULL AUTO_INCREMENT, AUTO_INCREMENT=11;

--
-- AUTO_INCREMENT for table `case_subcategory`
--
ALTER TABLE `case_subcategory`
  MODIFY `id` tinyint(3) NOT NULL AUTO_INCREMENT, AUTO_INCREMENT=7;

--
-- AUTO_INCREMENT for table `court_type`
--
ALTER TABLE `court_type`
  MODIFY `id` tinyint(3) NOT NULL AUTO_INCREMENT, AUTO_INCREMENT=4;

--
-- AUTO_INCREMENT for table `gender`
--
ALTER TABLE `gender`
  MODIFY `id` tinyint(3) NOT NULL AUTO_INCREMENT, AUTO_INCREMENT=3;

--
-- AUTO_INCREMENT for table `groups`
--
ALTER TABLE `groups`
  MODIFY `id` mediumint(8) NOT NULL AUTO_INCREMENT, AUTO_INCREMENT=9;

--
-- AUTO_INCREMENT for table `lwy_files`
--
ALTER TABLE `lwy_files`
  MODIFY `id` int(11) NOT NULL AUTO_INCREMENT, AUTO_INCREMENT=7;

--
-- AUTO_INCREMENT for table `lwy_file_info`
--
ALTER TABLE `lwy_file_info`
  MODIFY `id` int(11) NOT NULL AUTO_INCREMENT, AUTO_INCREMENT=6;

--
-- AUTO_INCREMENT for table `menu_list`
--
ALTER TABLE `menu_list`
  MODIFY `id` int(11) NOT NULL AUTO_INCREMENT, AUTO_INCREMENT=175;

--
-- AUTO_INCREMENT for table `users`
--
ALTER TABLE `users`
  MODIFY `id` bigint(20) NOT NULL AUTO_INCREMENT, AUTO_INCREMENT=101;

--
-- AUTO_INCREMENT for table `users_groups`
--
ALTER TABLE `users_groups`
  MODIFY `id` int(11) NOT NULL AUTO_INCREMENT, AUTO_INCREMENT=3101;

--
-- AUTO_INCREMENT for table `user_access_menus`
--
ALTER TABLE `user_access_menus`
  MODIFY `id` int(11) NOT NULL AUTO_INCREMENT, AUTO_INCREMENT=353444;

--
-- AUTO_INCREMENT for table `user_login_attempt`
--
ALTER TABLE `user_login_attempt`
  MODIFY `id` int(11) NOT NULL AUTO_INCREMENT, AUTO_INCREMENT=521;
COMMIT;

/*!40101 SET CHARACTER_SET_CLIENT=@OLD_CHARACTER_SET_CLIENT */;
/*!40101 SET CHARACTER_SET_RESULTS=@OLD_CHARACTER_SET_RESULTS */;
/*!40101 SET COLLATION_CONNECTION=@OLD_COLLATION_CONNECTION */;
